geolocation_city,total_orders
* cidade,2
...arraial do cabo,28
abadia dos dourados,78
abadiania,17
abadiânia,7
abaete,1166
abaetetuba,1760
abaeté,220
abaiara,12
abaira,18
abare,38
abaré,8
abatia,66
abatiá,3
abaíra,8
abdon batista,10
abelardo luz,348
abrantes,90
abre campo,195
abreu e lima,217
acaiaca,40
acailandia,665
acajutiba,29
acarau,328
acaraú,24
acari,19
acegua,30
aceguá,8
acopiara,371
acreuna,301
acreúna,42
acu,110
acucena,14
adamantina,10660
adhemar de barros,5
adolfo,150
adrianopolis,9
adrianópolis,3
adustina,25
afogados da ingazeira,560
afonso claudio,858
afonso cláudio,132
afranio,16
afrânio,6
agisse,5
agrestina,18
agrolandia,34
agrolândia,6
agronomica,20
agronômica,12
agua boa,2430
agua branca,75
agua clara,70
agua comprida,8
agua doce,33
agua doce do norte,88
agua fria de goias,7
agua limpa,4
agua nova,10
agua preta,10
agua santa,12
aguai,1476
aguas belas,234
aguas claras,5
aguas da prata,520
aguas de lindoia,3696
aguas de santa barbara,171
aguas de sao pedro,34
aguas formosas,415
aguas frias,5
aguas lindas de goias,364
aguas mornas,8
aguas vermelhas,150
aguaí,297
agudo,38
agudos,3360
aguia branca,24
aimores,1190
aimorés,210
aiuaba,9
aiuruoca,100
ajuricaba,78
alagoa,15
alagoa grande,17
alagoa nova,8
alagoinha,12
alagoinhas,1893
alambari,30
alcantara,11
alcinopolis,156
alcinópolis,30
alcobaca,130
alcobaça,16
alcântara,6
alegre,2227
alegrete,3161
alegrete do piaui,4
alegrete do piauí,2
alegria,9
alem paraiba,7840
alexandra,2
alexandria,44
alexandrita,12
alexania,160
alexânia,75
alfenas,5916
alfredo chaves,350
alfredo marcondes,18
alfredo vasconcelos,39
alfredo wagner,68
alhandra,12
alianca,23
alianca do tocantins,18
aliança,1
aliança do tocantins,2
almas,14
almenara,3304
almino afonso,8
almirante tamandare,974
almirante tamandare do sul,12
almirante tamandaré,226
almirante tamandaré do sul,1
alpercata,30
alpestre,15
alpinopolis,637
alpinópolis,91
alta floresta,2376
alta floresta d'oeste,138
alta floresta do oeste,18
alta floresta doeste,3
altamira,1489
altamira do parana,6
altamira do paraná,2
altaneira,26
alterosa,123
altinho,22
altinopolis,252
altinópolis,56
alto alegre,28
alto alegre do iguacu,6
alto alegre do maranhao,10
alto alegre do pindare,18
alto alegre do pindaré,3
alto araguaia,395
alto boa vista,150
alto caparao,52
alto caparaó,4
alto do rodrigues,208
alto garcas,110
alto garças,16
alto horizonte,40
alto jequitiba,78
alto jequitibá,12
alto paraiso,16
alto paraiso de goias,603
alto parana,80
alto paraná,12
alto paraíso,3
alto paraíso de goiás,171
alto parnaiba,120
alto parnaíba,20
alto piquiri,24
alto rio doce,84
alto rio novo,44
alto santo,75
alto taquari,126
altonia,165
altos,220
altônia,45
aluminio,1612
alumínio,143
alvarenga,56
alvares florence,18
alvares machado,720
alvaro de carvalho,20
alvinopolis,539
alvinópolis,99
alvorada,2346
alvorada d'oeste,19
alvorada do gurgueia,2
alvorada do gurguéia,1
alvorada do norte,117
alvorada do oeste,1
além paraíba,1316
amambai,612
amambaí,102
amanari,1
amapa do maranhao,1
amapora,22
amaporã,4
amapá do maranhão,1
amaraji,50
amarante,19
amargosa,82
amelia rodrigues,96
america dourada,10
americana,21020
americano,2
americano do brasil,45
americo brasiliense,2227
americo de campos,20
ametista do sul,50
amontada,14
amparo,8172
amparo da serra,14
ampere,736
ampére,112
amélia rodrigues,24
américo brasiliense,493
américo de campos,4
anadia,8
anage,9
anagé,1
analandia,112
ananas,18
ananindeua,3582
ananás,5
anapolis,3179
anastacio,78
anastácio,16
anaurilandia,18
anaurilândia,10
anchieta,1296
andarai,15
andaraí,6
andira,1034
andirá,176
andorinha,155
andradas,2268
andradina,9468
andre da rocha,2
andrelandia,198
andrelândia,21
andrequice,1
andré da rocha,2
angatuba,784
angelica,33
angelina,9
angical,7
angical do piaui,6
angical do piauí,1
angicos,21
angra dos reis,5143
anguera,7
angulo,27
angustura,2
angélica,9
anhandui,3
anhembi,14
anhumas,21
anicuns,408
anita garibaldi,155
anitapolis,14
anitápolis,4
anta,12
anta gorda,148
antonina,610
antonina do norte,8
antonio cardoso,12
antonio carlos,78
antonio goncalves,17
antonio martins,14
antonio pereira,30
antonio prado,375
antonio prado de minas,42
antunes,3
antunes (igaratinga),1
antônio cardoso,4
antônio carlos,14
antônio gonçalves,1
antônio martins,4
antônio pereira,4
antônio prado,75
antônio prado de minas,9
anápolis,489
aparecida,7525
aparecida d oeste,4
aparecida d'oeste,18
aparecida de goiania,2336
aparecida de goiânia,370
aparecida de monte alto,5
aparecida de sao manuel,16
aparecida de são manuel,4
aparecida do rio negro,2
aparecida do taboado,406
aparecida doeste,1
aperibe,1044
aperibé,120
apiaca,204
apiacá,18
apiai,762
apiaí,168
apiuna,266
apiúna,84
apodi,141
apora,3
apore,4
aporé,3
apuarema,11
apucarana,3582
apuiares,12
apuiarés,2
aquidaba,15
aquidabã,3
aquidauana,399
aquiraz,26
aracaju,16560
aracariguama,864
aracati,2079
aracatu,10
aracatuba,10270
arace,24
araci,198
aracitaba,18
aracoiaba,72
aracoiaba da serra,1573
aracruz,1827
aracuai,1134
aragarcas,162
aragarças,33
aragoiania,9
aragoiânia,2
araguacu,17
araguaia,3
araguaina,1153
araguana,2
araguapaz,46
araguari,6397
araguatins,260
araguaçu,1
araguaína,129
aramari,26
arame,30
aramina,41
arandu,120
arantina,19
arapei,18
arapeí,4
arapiraca,707
arapoema,31
araponga,36
arapongas,1180
arapora,130
araporã,30
arapoti,819
arapua,12
araputanga,324
arapuá,2
araquari,869
arara,8
ararangua,854
araranguá,163
araraquara,35234
araras,13748
arari,82
ararica,18
araricá,10
araripe,18
araripina,1012
araruama,54982
araruna,272
arataca,16
aratiba,23
aratuba,22
araucaria,3310
araucária,704
araujos,220
araxa,11255
araxá,1795
araçariguama,136
araçatuba,1501
araçoiaba,6
araçoiaba da serra,308
araçuaí,270
araújos,50
arceburgo,182
arcos,6525
arcoverde,141
areado,552
areal,602
arealva,81
areia,42
areia branca,114
areia branca dos assis,15
areial,9
areias,87
areiopolis,126
areiópolis,39
arembepe,2
arenapolis,58
arenopolis,10
arenápolis,8
arinos,712
aripuana,392
aripuanã,136
ariquemes,654
ariranha,295
armacao de buzios,1092
armacao dos buzios,6160
armazem,62
armazém,12
armação dos búzios,3052
arneiroz,8
aroeiras,11
arraial d ajuda,45
arraial d'ajuda,639
arraial do cabo,8232
arraias,32
arroio do meio,873
arroio do sal,378
arroio do tigre,72
arroio dos ratos,585
arroio grande,216
arroio trinta,29
arrozal,27
artur nogueira,13600
aruana,22
aruanã,6
aruja,3051
arujá,721
arvoredo,6
arvorezinha,204
ascurra,216
assai,270
assare,18
assaré,6
assaí,40
assis,7502
assis chateaubriand,1548
assuncao,2
astolfo dutra,825
astorga,721
atalaia,6
atalanta,12
ataleia,52
ataléia,4
atibaia,17193
atilio vivacqua,26
augustinopolis,47
augustinópolis,8
augusto correa,45
augusto corrêa,24
augusto pestana,64
aurea,24
auriflama,910
aurilandia,8
aurora,95
aurora do para,10
avanhandava,350
avare,4495
avaré,670
avelar,116
avelino lopes,32
azurita,60
açailândia,133
açu,34
açucena,2
bacabal,1650
bacaxa,26
bacaxa (saquarema) - distrito,1
bacuri,45
bady bassitt,516
baependi,928
bage,8320
bagé,1582
baianopolis,12
baixa grande,26
baixa grande do ribeiro,16
baixo guandu,1064
balbinos,10
baldim,18
balneario arroio do silva,180
balneario barra do sul,120
balneario camboriu,38873
balneario de picarras,12
balneario gaivota,108
balneario picarras,693
balneario pinhal,308
balneario rincao,24
balneário arroio do silva,32
balneário barra do sul,36
balneário camboriú,7168
balneário gaivota,21
balneário pinhal,42
balneário piçarras,405
balneário rincão,18
balsa nova,17
balsamo,318
balsas,2975
bambui,2862
bambuí,378
banabuiu,12
banabuiú,4
bananal,415
bananeiras,80
bandeira,39
bandeira do sul,36
bandeirantes,1805
bandeirantes d'oeste,1
bandeirantes do tocantins,6
banzae,11
banzaê,4
barao,18
barao ataliba nogueira,5
barao de cocais,4104
barao de cotegipe,38
barao de juparana,11
barao do triunfo,4
barauna,10
baraúna,4
barbacena,15848
barbalha,402
barbosa ferraz,102
barcarena,283
bariri,2820
barra,150
barra bonita,8008
barra da estiva,364
barra de  santo antônio,2
barra de guabiraba,26
barra de santa rosa,12
barra de santo antonio,20
barra de santo antônio,2
barra de sao francisco,1053
barra de sao joao,1144
barra de sao miguel,22
barra de são francisco,243
barra de são joão,208
barra de são miguel,4
barra do bugres,376
barra do choca,120
barra do choça,36
barra do corda,728
barra do garcas,4975
barra do garças,1825
barra do jacare,7
barra do jacaré,2
barra do mendes,57
barra do pirai,1558
barra do piraí,305
barra do ribeiro,280
barra do rio azul,3
barra do tarrachil,3
barra do turvo,42
barra dos coqueiros,99
barra longa,26
barra mansa,8512
barra velha,1530
barracao,86
barracão,15
barras,75
barreira,19
barreiras,6283
barreirinhas,272
barreiros,230
barretos,12733
barrinha,2772
barro,104
barro alto,52
barro preto,4
barrocas,17
barrolandia,12
barrolândia,4
barros cassal,42
barroso,1287
barueri,80824
barão,7
barão ataliba nogueira,3
barão de cocais,577
barão de cotegipe,6
barão de juparana,3
barão do triunfo,1
bastos,3366
bataguassu,405
bataipora,6
batalha,45
batatais,9153
bataypora,48
batayporã,36
baturite,117
baturité,6
bauru,30172
bayeux,126
bebedouro,5196
beberibe,72
bela cruz,216
bela vista,162
bela vista de goias,280
bela vista de goiás,91
bela vista de minas,50
bela vista do maranhao,6
bela vista do paraiso,150
bela vista do paraíso,30
belem,39110
belem de sao francisco,8
belem do sao francisco,14
belford roxo,6056
belmonte,58
belo campo,69
belo horizonta,6
belo horizonte,719784
belo jardim,180
belo oriente,334
belo vale,78
belém,4708
belém do são francisco,24
benedito leite,3
benedito novo,222
benevides,62
bento de abreu,34
bento goncalves,7623
bento gonçalves,1435
bequimao,12
bequimão,1
berilo,34
berizal,11
bernardino de campos,332
bertioga,28294
bertolinia,3
bertolínia,1
bertopolis,12
bertópolis,3
betim,20464
bezerros,1130
bh,2
bias fortes,12
bicas,770
biguacu,1537
biguaçu,422
bilac,378
birigui,11444
birigüi,1592
biritiba mirim,70
biritiba-mirim,1100
biritinga,16
bituruna,530
blumenau,16505
boa esperanca,2315
boa esperanca do iguacu,12
boa esperanca do sul,660
boa esperança,351
boa esperança do iguaçu,1
boa esperança do sul,88
boa ventura,1
boa viagem,183
boa vista,1793
boa vista da aparecida,116
boa vista das missoes,9
boa vista das missões,3
boa vista do burica,34
boa vista do buricá,8
boa vista do cadeado,10
boa vista do gurupi,22
boa vista do sul,6
boca da mata,38
bocaina,348
bocaiuva,1287
bocaiuva do sul,36
bocaiúva,273
bocaiúva do sul,6
bodo,3
bodoco,48
bodocó,6
bodoquena,76
bofete,265
boituva,23030
bom conselho,420
bom despacho,13642
bom jardim,1788
bom jardim de goias,20
bom jardim de goiás,7
bom jardim de minas,448
bom jesus,744
bom jesus da lapa,1746
bom jesus da penha,34
bom jesus da serra,16
bom jesus das selvas,42
bom jesus de goias,80
bom jesus do amparo,6
bom jesus do araguaia,13
bom jesus do galho,180
bom jesus do itabapoana,5100
bom jesus do norte,160
bom jesus do sul,12
bom jesus do tocantins,60
bom jesus dos perdoes,2635
bom jesus dos perdões,357
bom principio,492
bom princípio,54
bom repouso,212
bom retiro,26
bom retiro do sul,96
bom sucesso,321
bombinhas,3255
bonfim,111
bonfim paulista,2268
bonfinopolis,14
bonfinopolis de minas,66
bonfinópolis,4
bonfinópolis de minas,14
boninal,30
bonito,1255
bonito de minas,16
bonito de santa fe,6
boqueirao do leao,44
boqueirão do leão,8
boquira,20
boraceia,25
boracéia,6
borborema,792
borda da mata,426
borrazopolis,62
borrazópolis,12
bossoroca,23
botelho,3
botelhos,480
botucatu,10624
botupora,24
botuporã,4
botuvera,24
botuverá,6
braco do norte,2840
braco do rio,12
braganca,1188
braganca paulista,12773
bragança,99
bragança paulista,2153
bras pires,22
brasil novo,93
brasilandia,37
brasilandia de minas,50
brasileia,8
brasilia,72232
brasilia de minas,774
brasilândia,6
brasilândia de minas,14
brasiléia,5
brasopolis,308
brasília,15813
brasília de minas,117
brasópolis,91
brauna,75
braunas,8
brazabrantes,26
brazlandia,6
brazlândia,4
brazopolis,105
brazópolis,35
braço do norte,760
braço do rio,10
braúnas,2
brejetuba,22
brejo,29
brejo bonito,1
brejo da madre de deus,112
brejo do cruz,17
brejo dos santos,10
brejo grande,2
brejo santo,670
brejoes,7
brejolandia,4
brejolândia,1
brejões,3
breu branco,99
breves,94
britania,22
britânia,9
brodowski,1089
brotas,2664
brotas de macaubas,27
brotas de macaúbas,6
brumadinho,5694
brumado,4788
brusque,4685
brás pires,2
bueno brandao,144
bueno brandão,36
buenopolis,156
buenos aires,28
buenópolis,36
buerarema,84
bugre,6
buique,25
buri,910
buritama,1044
buriti,15
buriti alegre,28
buriti do tocantins,14
buriti dos lopes,22
buriticupu,304
buritirama,69
buritirana,4
buritis,1551
buritizal,80
buritizeiro,728
butia,408
butiá,90
buzios,308
buíque,2
bálsamo,54
búzios,420
caarapo,332
caarapó,80
cabaceiras do paraguacu,8
cabaceiras do paraguaçu,1
cabeceira grande,90
cabeceiras,17
cabedelo,196
cabixi,20
cabo de santo agostinho,641
cabo frio,12720
cabo verde,87
cabralia paulista,80
cabreuva,536
cabreúva,108
cabrobo,276
cabrobó,54
cabrália paulista,20
cacador,5990
cacapava,3025
cacapava do sul,480
cacaulandia,7
cacaulândia,1
cacequi,156
caceres,6175
cachoeira,168
cachoeira alta,306
cachoeira da prata,40
cachoeira de minas,330
cachoeira de pajeu,78
cachoeira de pajeú,21
cachoeira do brumado,7
cachoeira do campo,136
cachoeira do sul,2373
cachoeira dourada,62
cachoeira paulista,7125
cachoeiras de macacu,3446
cachoeirinha,5386
cachoeiro de itapemirim,7854
cacoal,277
caconde,1100
cacu,256
cacule,132
caculé,30
caem,3
caetanopolis,344
caetanópolis,48
caete,7101
caetes,7
caetite,800
caetité,320
caeté,1215
caetés,4
cafeara,42
cafelandia,1686
cafelândia,327
caiana,39
caiaponia,252
caiapônia,24
caibate,27
caibaté,3
caibi,75
caicara do norte,6
caico,1190
caicó,110
caieiras,8708
cairu,6
caiua,26
caiuá,4
caiçara do norte,2
cajamar,5130
cajapio,4
cajari,6
cajati,3152
cajazeiras,1309
cajobi,440
cajueiro,16
cajuri,5
cajuru,1170
calcado,7
caldas,155
caldas brandao,4
caldas novas,12060
caldeirao grande,4
caldeirao grande do piaui,2
caldeirão grande,2
caldeirão grande do piauí,1
california,56
california da barra,42
california da barra (barra do pirai),6
califórnia,12
califórnia da barra,12
calmon,2
camacan,432
camacari,2791
camacho,14
camamu,448
camanducaia,867
camapua,264
camapuã,36
camaqua,2412
camaquã,480
camaragibe,934
camaçari,381
cambara,873
cambara do sul,16
cambará,216
cambará do sul,4
cambe,926
cambiasca,1
cambira,50
camboriu,1408
camboriú,439
cambuci,513
cambui,3828
cambuquira,360
cambuí,484
cambé,207
cameta,340
cametá,60
camocim,712
camocim de sao felix,34
camocim de são félix,4
campanario,18
campanha,714
campanário,4
campestre,231
campestre da serra,22
campestre do maranhao,34
campestre do maranhão,8
campina da lagoa,134
campina das missoes,70
campina das missões,8
campina do monte alegre,80
campina grande,3546
campina grande do sul,1404
campina verde,950
campinacu,6
campinapolis,81
campinas,166474
campinas do sul,186
campinaçu,2
campinorte,357
campinápolis,12
campo alegre,94
campo alegre de goias,46
campo alegre de lourdes,17
"campo alegre de lourdes, bahia, brasil",1
campo alegre de minas,2
campo alegre do fidalgo,3
campo azul,4
campo belo,5880
campo bom,11690
campo do brito,27
campo do meio,236
campo do tenente,18
campo ere,301
campo erê,56
campo florido,34
campo formoso,1020
campo grande,28582
campo grande do piaui,6
campo grande do piauí,2
campo largo,2622
campo limpo paulista,2403
campo magro,37
campo maior,413
campo mourao,2975
campo mourão,589
campo novo,56
campo novo do parecis,2820
campo verde,1770
campos altos,335
campos belos,602
campos borges,63
campos de julio,174
campos de júlio,24
campos do jordao,11850
campos do jordão,2175
campos dos goytacaze,10
campos dos goytacazes,42375
campos gerais,404
campos novos,2744
campos sales,104
campos verdes,11
camutanga,24
canaa,9
canaa dos carajas,801
cananeia,640
cananéia,176
canapi,4
canapolis,221
canarana,1373
canavieiras,582
canaã,3
canaã dos carajás,225
candangolandia,3
candangolândia,20
candeal,10
candeias,990
candeias do jamari,16
candelaria,308
candelária,48
candido de abreu,192
candido godoi,25
candido mendes,15
candido mota,2400
candido rodrigues,92
candido sales,96
candiota,208
candoi,32
candói,7
canela,4828
canelinha,188
cangucu,1224
canguçu,192
canhotinho,64
caninde,300
caninde de sao francisco,64
canindé,20
canindé de são francisco,8
canitar,34
canoas,23443
canoinhas,7155
cansancao,308
cansanção,70
cantagalo,1714
cantanhede,16
canto do buriti,39
canudos,24
canápolis,37
capanema,1161
capao bonito,1696
capao da canoa,11248
capao da porteira,2
capao do cipo,24
capao do leao,212
caparao,8
caparaó,2
capela,36
capela de santana,56
capela do alto,228
capela do alto alegre,32
capela nova,14
capelinha,3572
capetinga,30
capim branco,68
capim grosso,425
capinopolis,814
capinzal,1480
capinzal do norte,24
capinópolis,110
capistrano,16
capitao,8
capitao andrade,11
capitao eneas,20
capitao leonidas marques,310
capitao poco,108
capitolio,475
capitão,3
capitão andrade,5
capitão enéas,3
capitão leônidas marques,57
capitão poço,24
capitólio,90
capivari,10272
capivari de baixo,510
capivari do sul,36
capoeiras,13
caputira,40
capão bonito,384
capão da canoa,2014
capão do cipó,3
capão do leão,76
caracol,12
caraguatatuba,6957
carai,150
caraiba,28
caraibas,5
carajas,4
carambei,237
carambeí,33
carandai,1254
carandaí,209
carangola,6375
carapebus,300
carapicuiba,31117
carapicuíba,5693
caratinga,25485
caraubas,48
caravelas,90
carazinho,7015
caraí,66
caraíbas,2
caraúbas,30
carbonita,184
cardoso,342
cardoso moreira,354
careacu,44
careaçu,8
cariacica,7507
caridade,12
carinhanha,82
carire,36
cariri do tocantins,8
caririacu,28
caririaçu,4
cariré,15
carius,27
cariús,9
carlinda,24
carlopolis,390
carlos barbosa,4009
carlos chagas,158
carlópolis,120
carmesia,17
carmo,1536
carmo da cachoeira,196
carmo da mata,390
carmo de minas,120
carmo do cajuru,930
carmo do paranaiba,2576
carmo do paranaíba,384
carmo do rio claro,855
carmo do rio verde,52
carmolandia,3
carmopolis,24
carmopolis de minas,255
carmésia,2
carmópolis,6
carmópolis de minas,60
carnaiba,16
carnaiba do sertao,1
carnauba dos dantas,12
carnaubais,14
carnaubal,40
carnaíba,10
carnaúba dos dantas,3
carneirinho,129
carolina,78
carpina,169
carrancas,39
caruaru,2360
carutapera,40
carvalhopolis,60
carvalhópolis,6
casa branca,2158
casa nova,547
casca,637
cascalho rico,6
cascavel,18520
caseiros,13
casimiro de abreu,3859
cassia,330
cassia dos coqueiros,7
cassilandia,285
cassilândia,35
castanhal,996
castanheira,33
castanheiras,4
castelandia,110
castelo,3096
castelo do piaui,34
castelo do piauí,6
castelândia,15
castilho,1250
castro,1316
castro alves,56
cataguases,3153
catalao,1197
catalão,234
catanduva,6346
catanduvas,396
catarina,24
catas altas,175
catende,294
catigua,150
catiguá,36
catole do rocha,360
catolé do rocha,90
catu,1210
catu de abrantes,36
catuipe,100
caturama,19
catuípe,12
caucaia,454
cavalcante,48
caxambu,3264
caxambu do sul,9
caxias,384
caxias do sul,23333
caxingo,2
caçador,419
caçapava,527
caçapava do sul,140
caçu,64
caém,5
ceara mirim,2
ceara-mirim,44
ceará-mirim,10
cedral,468
cedro,41
cedro de sao joao,27
cedro de são joão,3
cedro do abaete,2
ceilandia,475
ceilandia norte,7
ceilândia,40
celina,12
celso ramos,24
centenario,3
centenario do sul,136
centenário do sul,20
central,16
central de santa helena,4
centralina,34
centro novo do maranhao,10
centro novo do maranhão,3
cerejeiras,45
ceres,777
cerqueira cesar,2556
cerqueira césar,378
cerquilho,10556
cerrito,15
cerro azul,116
cerro grande,8
cerro grande do sul,54
cerro largo,665
cerro negro,5
cesario lange,1378
cesário lange,247
ceu azul,329
cezarina,15
cha de alegria,2
cha grande,14
chacara,30
chale,24
chalé,8
chapada,164
chapada do norte,44
chapada dos guimaraes,168
chapada dos guimarães,60
chapada gaucha,96
chapada gaúcha,14
chapadao do ceu,536
chapadao do lageado,3
chapadao do sul,3066
chapadinha,276
chapadão do céu,80
chapadão do lageado,1
chapadão do sul,770
chapeco,12814
chapecó,2337
charqueada,950
charqueadas,3468
charrua,5
chaval,12
chavantes,964
chaveslandia,2
chiapetta,7
chopinzinho,412
chorozinho,10
chorrocho,16
chorrochó,3
chui,220
chuí,80
chácara,8
chã de alegria,2
chã grande,2
cianorte,4456
cicero dantas,639
cidade gaucha,230
cidade gaúcha,35
cidade ocidental,126
cidelandia,6
cidreira,325
cipo,30
cipó,6
ciriaco,20
ciríaco,1
claraval,7
claro dos pocoes,11
claro dos poções,1
claudia,136
claudio,2840
clementina,180
clevelandia,153
clevelândia,36
cláudia,32
cláudio,500
coaraci,164
coari,21
cocais,7
cocal,224
cocal do sul,280
cocalinho,60
cocalzinho de goias,21
cocalzinho de goiás,3
cocos,38
codo,504
codó,105
coelho neto,108
coimbra,34
coite do noia,5
colatina,4870
colider,608
colina,1017
colinas,97
colinas do tocantins,267
colmeia,42
colméia,6
colniza,246
colombia,120
colombo,4402
colonia castrolanda,9
colonia leopoldina,20
colonia vitoria,12
colorado,759
colorado do oeste,195
coluna,90
colíder,128
colômbia,25
colônia leopoldina,8
colônia vitória,6
combinado,19
comendador levy gasparian,294
comercinho,20
comodoro,525
conceicao,44
conceicao da aparecida,250
conceicao da barra,143
conceicao da feira,58
conceicao da ibitipoca,4
conceicao das alagoas,288
conceicao das pedras,48
conceicao de macabu,1764
conceicao do almeida,23
conceicao do araguaia,651
conceicao do caninde,7
conceicao do castelo,190
conceicao do coite,792
conceicao do jacuipe,156
conceicao do mato dentro,1860
conceicao do para,51
conceicao do rio verde,315
conceicao do tocantins,21
conceicao dos ouros,236
conceição,6
conceição da aparecida,45
conceição da barra,27
conceição da feira,4
conceição das alagoas,60
conceição das pedras,4
conceição de macabu,240
conceição do almeida,3
conceição do araguaia,119
conceição do castelo,55
conceição do coité,243
conceição do jacuípe,33
conceição do mato dentro,216
conceição do pará,6
conceição do rio verde,35
conceição do tocantins,6
conceição dos ouros,56
conchal,3629
conchas,1032
concordia,3914
concordia do para,69
concórdia,577
concórdia do pará,15
condado,80
conde,66
condeuba,17
condeúba,3
condor,80
confins,37
confresa,714
congonhal,261
congonhas,12210
congonhinhas,66
conquista,246
conquista d'oeste,19
conrado,5
conselheiro lafaiete,51804
conselheiro mairinck,26
conselheiro pena,1695
conservatoria,44
conservatória,16
constantina,44
contagem,43350
contenda,30
coqueiro baixo,4
coqueiros do sul,3
coracao de jesus,84
coracao de maria,11
coração de jesus,18
coração de maria,4
corbelia,168
corbélia,27
cordeiro,5184
cordeiropolis,1200
cordeiros,14
cordeirópolis,240
coreau,16
coreaú,3
coremas,75
corguinho,28
coribe,304
corinto,979
cornelio procopio,6792
cornélio procópio,1128
coroaci,64
coroados,32
coroata,513
coroatá,63
coromandel,4025
coronel domingos soares,12
coronel fabriciano,12546
coronel freitas,53
coronel joao pessoa,9
coronel joao sa,81
coronel joão sá,21
coronel macedo,58
coronel martins,8
coronel murta,40
coronel pacheco,9
coronel sapucaia,40
coronel vivida,1397
corrego danta,10
corrego fundo,3
correia pinto,825
corrente,124
correntes,9
correntina,84
cortes,28
cortês,2
corumba,915
corumba de goias,34
corumbaiba,192
corumbatai,40
corumbatai do sul,11
corumbataí,18
corumbaíba,24
corumbá,181
corumbá de goiás,8
corupa,188
corupá,24
coruripe,138
cosmopolis,9141
cosmorama,258
cosmópolis,1154
costa marques,34
costa rica,1620
cotegipe,7
cotia,31364
cotipora,21
cotiporã,2
cotriguacu,68
cotriguaçu,16
couto de magalhaes,18
couto de magalhães,4
coxilha,8
coxim,1881
crateus,747
crateús,54
crato,324
cravinhos,4992
cravolandia,10
cravolândia,1
criciuma,6688
criciúma,1255
crisolita,26
crisopolis,96
crissiumal,106
cristais,90
cristais paulista,120
cristal,66
cristalandia,33
cristalia,30
cristalina,1456
cristiano otoni,38
cristina,280
cristinapolis,9
cristinápolis,2
cristopolis,14
cristália,9
cristópolis,2
crisópolis,12
crixas,424
crixás,80
croata,8
croatá,4
crominia,8
cromínia,1
crucilandia,16
crucilândia,2
cruz,434
cruz alta,2236
cruz das almas,3870
cruz machado,147
cruzalia,33
cruzeiro,4216
cruzeiro da fortaleza,33
cruzeiro do iguacu,17
cruzeiro do iguaçu,2
cruzeiro do oeste,658
cruzeiro do sul,447
cruzilia,296
cruzália,6
cruzília,28
cubatao,5459
cubati,16
cubatão,916
cuiaba,20889
cuiabá,4004
cuite,75
cuité,18
cujubim,14
cumari,14
cumaru,14
cunha,1792
cunha pora,250
cunha porã,25
cupira,21
curaca,72
curaçá,24
curitiba,250840
curitibanos,5220
curiuva,144
curiúva,40
currais novos,609
curral de cima,1
curralinho,14
curuca,36
cururupu,72
curuçá,6
curvelandia,18
curvelo,20202
curvelândia,2
custodia,170
custódia,35
cáceres,1325
cássia,78
cássia dos coqueiros,5
cândido de abreu,32
cândido godói,5
cândido mendes,3
cândido mota,544
cândido rodrigues,16
cândido sales,15
céu azul,56
cícero dantas,162
córrego danta,1
damianopolis,36
damianópolis,4
dario meira,20
datas,28
david canabarro,52
delfim moreira,12
delfinopolis,66
delfinópolis,12
delmiro gouveia,232
demerval lobao,12
denise,44
deodapolis,24
deodápolis,14
deputado irapuan pinheiro,30
descalvado,2327
descoberto,60
desembargador otoni,5
desterro,9
desterro de entre rios,47
desterro do melo,5
dezesseis de novembro,4
diadema,46951
diamante d  oeste,2
diamante d'oeste,6
diamante do norte,175
diamantina,10827
diamantino,329
dianopolis,336
dianópolis,63
dias d avila,312
dias d'avila,2736
dias d'ávila,1488
dias davila,144
dias dávila,72
diogo de vasconcelos,18
dionisio,44
dionisio cerqueira,186
dionísio,8
dionísio cerqueira,30
diorama,14
divinesia,10
divino,1248
divino das laranjeiras,18
divino de sao lourenco,12
divino de são lourenço,1
divinolandia,462
divinolandia de minas,195
divinolândia,84
divinolândia de minas,30
divinopolis,75428
divinopolis de goias,13
divinopolis do tocantins,6
divinésia,3
divinópolis,12388
divinópolis de goiás,1
divinópolis do tocantins,5
divisa alegre,20
divisa nova,17
dobrada,52
dois corregos,1243
dois córregos,352
dois irmaos,2380
dois irmaos do buriti,63
dois irmãos,510
dois irmãos do buriti,12
dois riachos,6
dois vizinhos,6534
dom aquino,81
dom basilio,24
dom basílio,9
dom cavati,42
dom eliseu,270
dom feliciano,135
dom joaquim,25
dom macedo costa,3
dom pedrito,2120
dom pedro,93
dom silverio,100
dom silvério,12
dom vicoso,16
domingos martins,675
dona emma,14
dona euzebia,38
dona euzébia,6
dona francisca,30
dores de campos,616
dores do indaia,602
dores do indaiá,49
dores do rio preto,104
dormentes,34
douradina,50
dourado,528
dourados,2810
doutor camargo,22
doutor ulysses,10
doverlandia,54
doverlândia,10
dracena,10206
duartina,1130
duas barras,52
duere,3
dumont,111
duque de caxias,21109
durande,52
durandé,10
dário meira,8
echapora,56
echaporã,10
ecoporanga,529
edeia,124
edéia,16
eldorado,268
eldorado do sul,2010
elias fausto,405
eliseu martins,42
elisiario,3
elisio medrado,12
eloi mendes,860
elói mendes,130
embauba,6
embaúba,1
embu,3304
embu das artes,15033
embu guacu,322
embu guaçu,966
embu-guacu,16974
embu-guaçu,2116
embuguacu,184
emilianopolis,44
emilianópolis,2
encantado,1430
encruzilhada do sul,728
eneas marques,92
engenheiro balduino,3
engenheiro balduíno,1
engenheiro coelho,852
engenheiro navarro,15
engenheiro passos,4
engenheiro paulo de frontin,481
entre folhas,16
entre rios,534
entre rios de minas,574
entre rios do oeste,66
entre-ijuis,60
entre-ijuís,9
enéas marques,12
epitaciolandia,6
epitaciolândia,6
erebango,8
erechim,11194
erere,7
erico cardoso,7
erval grande,28
ervalia,518
ervália,133
escada,880
esmeralda,12
esmeraldas,2772
espera feliz,2090
esperanca,216
esperantina,181
esperantinopolis,63
esperantinópolis,15
esperança,24
espigao,12
espigao alto do iguacu,24
espigao do oeste,324
espigão alto do iguaçu,2
espigão do oeste,78
espinosa,690
espirito santo do pinhal,4662
espirito santo do turvo,36
esplanada,275
espumoso,644
espírito santo do pinhal,1188
espírito santo do turvo,6
estacao,145
estancia,612
estancia velha,998
estação,15
esteio,3294
estiva,33
estiva gerbi,350
estreito,156
estrela,2700
estrela d oeste,10
estrela d'oeste,60
estrela do indaia,26
estrela do indaiá,8
estrela do norte,75
estrela do sul,16
estrela doeste,6
estrela velha,14
estância,126
estância velha,122
euclides da cunha,420
euclides da cunha paulista,76
eugenio de castro,6
eugenopolis,190
eugenópolis,25
eunapolis,2869
eunápolis,433
eusebio,1040
eusébio,195
ewbank da camara,15
extrema,9534
extremoz,34
fagundes,6
farol,7
farroupilha,2037
fartura,1290
fatima,44
fatima do sul,172
fatimarmnte dutra,11
faxinal,738
faxinal dos guedes,704
faxinalzinho,3
fazenda nova,100
fazenda rio grande,2089
fazenda vilanova,16
feira de santana,10289
feira nova,130
felicio dos santos,14
felipe guerra,5
felisburgo,27
felixlandia,40
felixlândia,8
feliz,1302
feliz deserto,14
feliz natal,35
felício dos santos,4
fenix,15
fernando prestes,192
fernandopolis,23036
fernandópolis,3172
fernao,7
fernão,1
ferraz de vasconcelos,5113
ferreiros,19
ferros,62
fervedouro,232
figueira,136
figueiropolis d oeste,4
figueiropolis d'oeste,50
figueiropolis doeste,4
figueirópolis d'oeste,8
figueirópolis doeste,2
filadelfia,18
filadélfia,2
firminopolis,161
firminópolis,28
flor da serra do sul,46
flora rica,10
florai,50
florania,8
floraí,8
floreal,34
flores,23
flores da cunha,1848
flores de goias,11
flores de goiás,3
floresta,415
floresta do araguaia,19
florestal,156
florestopolis,144
florestópolis,21
florian&oacute;polis,43
floriano,1152
florianopolis,92074
florianópolis,17887
florida,18
florida paulista,244
florinea,1
florinia,13
floripa,2
florínea,2
florínia,3
flórida paulista,24
flôr da serra do sul,4
fonseca,1
fontoura xavier,26
formiga,14240
formigueiro,28
formosa,2628
formosa da serra negra,12
formosa do oeste,47
formosa do rio preto,132
formoso,94
formoso do araguaia,188
forquilha,120
forquilhinha,845
fortaleza,35115
fortaleza dos valos,31
fortim,24
fortuna,48
foz do iguacu,5924
foz do iguaçu,1343
foz do jordao,13
foz do jordão,3
fragosos,3
fraiburgo,2483
franca,40286
franca sp,10
francisco badaro,72
francisco badaró,15
francisco beltrao,7236
francisco beltrão,1621
francisco dantas,4
francisco dumont,20
francisco morato,2061
francisco sa,108
francisco santos,11
francisco sá,21
franco da rocha,3576
frecheirinha,38
frederico westphalen,3304
frei gaspar,8
frei inocencio,180
frei inocêncio,25
frei lagonegro,14
frei martinho,14
frei rogerio,5
frei rogério,2
fronteira,318
fronteiras,81
fruta de leite,22
frutal,6240
frutuoso gomes,8
fundao,108
fundão,16
fátima,17
fátima do sul,28
fênix,3
gabriel monteiro,13
galia,44
galinhos,3
galvao,13
galvão,2
gama,46
gameleira,64
gameleiras,30
gandu,256
garanhuns,1227
garca,6453
garibaldi,2070
garopaba,3652
garrafao do norte,66
garrafão do norte,15
garruchos,2
garuva,225
garça,1269
gaspar,1461
gastao vidigal,39
gastão vidigal,15
gaucha do norte,90
gaurama,90
gaviao peixoto,50
gavião peixoto,6
gaúcha do norte,18
general camara,23
general carneiro,190
general câmara,5
general maynard,2
general salgado,438
gentio do ouro,9
getulina,80
getulio vargas,656
getúlio vargas,160
gilbues,15
girau do ponciano,9
girua,610
giruá,80
glicerio,30
glicério,6
gloria,1
gloria de dourados,33
gloria do goita,38
glorinha,24
glória de dourados,7
glória do goitá,12
godoy moreira,4
goiabeira,28
goiana,1083
goianapolis,88
goiandira,15
goianesia,586
goianesia do para,105
goiania,34793
goianinha,54
goianira,448
goianorte,8
goianá,15
goianápolis,20
goianésia,65
goianésia do pará,12
goias,560
goiatuba,1420
goioere,1320
goioerê,231
goitacazes,484
goiás,72
goiânia,6199
goncalves,69
goncalves dias,16
gongogi,11
gonçalves,15
gonçalves dias,2
gouvea,40
gouveia,136
governador celso ramos,153
governador dix-sept rosado,7
governador eugenio barros,10
governador eugênio barros,1
governador lindenberg,56
governador lomanto junior,1
governador mangabeira,25
governador portela,140
governador valadares,21514
graccho cardoso,2
grajau,321
grajaú,35
gramado,11020
gramado dos loureiros,6
gramado xavier,8
granada,10
grandes rios,30
granja,220
grao mogol,72
grao para,63
gravata,298
gravatai,4335
gravatal,150
gravataí,1019
gravatá,55
groairas,10
grupiara,9
grão mogol,9
grão pará,6
guabiju,6
guabiruba,495
guacui,1600
guadalupe,88
guaiba,11842
guaicara,392
guaira,8835
guairaca,39
guairaçá,5
guaiuba,18
guaiçara,72
guajara mirim,12
guajara-mirim,120
guajará-mirim,75
guamare,22
guamaré,4
guamiranga,19
guanambi,10872
guanhaes,3042
guanhães,468
guape,45
guapiacu,552
guapiara,150
guapiaçu,114
guapimirim,1249
guapirama,21
guapo,108
guaporanga,2
guapore,3186
guaporé,630
guapé,12
guapó,18
guara,996
guarabira,990
guaracai,245
guaraci,166
guaraciaba,75
guaraciaba do norte,192
guarai,244
guaramirim,1612
guaranesia,747
guarani,364
guarani das missoes,62
guarani das missões,16
guaraniacu,195
guaraniaçu,35
guaranta,175
guaranta do norte,520
guarantã,15
guarantã do norte,95
guaranésia,72
guarapari,5367
guarapua,1
guarapuava,4508
guaraquecaba,12
guaraqueçaba,3
guarara,28
guararapes,4086
guararema,2211
guarará,2
guaratinga,50
guaratingueta,5266
guaratinguetá,802
guaratuba,1917
guaraçaí,65
guaraí,40
guarda-mor,72
guarei,245
guareí,65
guariba,2380
guarinos,6
guaruja,27611
guaruja do sul,112
guarujá,5976
guarujá do sul,12
guarulhos,124354
guarulhos-sp,11
guará,172
guassusse,1
guassussê,1
guatapara,29
guatapará,4
guaxupe,11840
guaxupé,1332
guaçuí,240
guaíba,1860
guaíra,2031
guia de pacobaiba,3
guia de pacobaíba,1
guia lopes da laguna,26
guidoval,56
guimaraes,8
guimarania,108
guimarânia,28
guiricema,21
gurupi,884
guzolandia,23
guzolândia,5
gália,7
heliopolis,8
heliópolis,6
herculandia,123
herculândia,15
herval,33
herval d oeste,126
herval d' oeste,9
herval d'oeste,774
herval doeste,9
herveiras,5
hidreletrica tucurui,15
hidrelétrica tucuruí,9
hidrolandia,201
hidrolina,38
hidrolândia,30
holambra,4784
holambra ii,80
horizonte,203
horizontina,959
hortolandia,25352
hortolândia,4160
hulha negra,16
humaita,184
humaitá,40
humberto de campos,6
iacanga,336
iaciara,135
iacri,90
iacu,128
iapu,120
iaras,27
iati,24
iaçu,20
ibaiti,1276
ibarama,9
ibate,1392
ibateguara,20
ibatiba,819
ibaté,384
ibema,16
ibertioga,11
ibia,848
ibiaca,62
ibiai,60
ibiajara,2
ibiam,32
ibiapina,36
ibiara,7
ibiassuce,26
ibiassucê,12
ibiaçá,12
ibiaí,12
ibicarai,160
ibicaraí,25
ibicare,34
ibicaré,4
ibicoara,51
ibicuitinga,6
ibimirim,39
ibipeba,13
ibipitanga,40
ibipora,1668
ibiporã,360
ibira,336
ibiracatu,9
ibiraci,87
ibiracu,32
ibiraiaras,92
ibiraja,10
ibirajá,6
ibirama,1183
ibirapua,17
ibirapuã,3
ibirarema,240
ibirataia,72
ibiraçu,3
ibirite,2764
ibirité,404
ibiruba,3420
ibirubá,520
ibirá,54
ibitiara,13
ibitinga,6292
ibitira,2
ibitita,17
ibititá,4
ibitiuva,14
ibiuna,6107
ibiá,96
ibiúna,1333
ibotirama,721
icapui,75
icapuí,30
icara,2919
icarai de minas,14
icaraima,24
icaraí de minas,8
icaraíma,7
icatu,12
icem,468
ichu,16
ico,392
iconha,275
icém,72
icó,80
ielmo marinho,2
iepe,240
iepê,35
igaci,18
igapora,23
igaporã,1
igaracu do tiete,328
igarapava,1302
igarape,1494
igarape-acu,20
igarape-miri,34
igarapé,252
igarapé-açu,1
igarapé-miri,3
igarassu,161
igarata,240
igaratinga,24
igaratá,55
igaraçu do tietê,80
igrapiuna,9
igrapiúna,5
igreja nova,30
igrejinha,2856
iguaba grande,3952
iguai,62
iguape,2982
iguaracu,24
iguaraçu,2
iguatama,162
iguatu,635
iguaí,14
ijui,22308
ijuí,4316
ilha comprida,306
ilha de itamaraca,24
ilha de itamaracá,16
ilha dos valadares,2
ilha grande,4
ilha solteira,8112
ilhabela,23364
ilheus,4286
ilhota,124
ilhéus,685
ilicinea,43
ilicínea,7
ilopolis,66
ilópolis,15
imaculada,9
imbau,36
imbaú,8
imbe,1404
imbe de minas,14
imbituba,7657
imbituva,664
imbuia,108
imbé,390
imbé de minas,4
imigrante,66
imperatriz,2272
inacio martins,120
inaciolandia,48
inaciolândia,9
inaja,40
inajá,16
inconfidentes,80
indaial,2384
indaiatuba,44291
independencia,20
indiana,102
indianopolis,78
indianópolis,2
indiapora,78
indiaporã,9
indiara,120
indiaroba,3
inga,4
ingai,5
ingaí,2
ingá,2
inhambupe,441
inhapi,24
inhapim,644
inhauma,26
inhaúma,4
inhomirim,44
inhuma,24
inhumas,1728
inimutaba,32
inoa,20
inocencia,17
inocência,2
inubia paulista,99
inácio martins,15
inúbia paulista,12
iomere,6
iomerê,3
ipaba,552
ipameri,1092
ipanema,931
ipaporanga,18
ipatinga,101429
ipaumirim,8
ipaussu,616
ipe,38
ipecaeta,3
ipecaetá,1
ipero,1656
iperó,306
ipiabas,8
ipiacu,75
ipiau,539
ipiaçu,24
ipiaú,119
ipigua,28
ipiguá,8
ipira,442
ipiranga,75
ipiranga de goias,9
ipiranga de goiás,2
ipiranga do norte,27
ipiranga do sul,9
ipirá,66
ipixuna do para,44
ipixuna do pará,10
ipojuca,1620
ipora,2179
ipora do oeste,264
iporá,285
iporã,18
iporã do oeste,60
ipu,224
ipua,372
ipubi,75
ipueira,3
ipueiras,87
ipuiuna,39
ipuiúna,2
ipumirim,75
ipupiara,34
ipuã,72
ipê,8
iracema,34
iracemapolis,1422
iracemápolis,324
irai,40
irai de minas,62
iramaia,28
irani,160
irape,10
irapua,148
irapuru,252
irapuã,24
irapé,2
iraquara,135
irara,34
irará,10
irati,5324
iraucuba,38
irauçuba,10
iraí,12
iraí de minas,14
irece,2301
irecê,520
iretama,23
irineopolis,96
irineópolis,20
irupi,38
isaias coelho,3
isaías coelho,1
ita,114
itaara,13
itabaiana,786
itabaianinha,60
itabata,34
itabatan,26
itabatan (mucuri),4
itabela,296
itabera,532
itaberaba,1332
itaberai,414
itaberaí,84
itaberá,91
itabira,44322
itabirinha,38
itabirinha de mantena,6
itabirito,11312
itaborai,2556
itaboraí,501
itabuna,6301
itacarambi,195
itacare,316
itacaré,105
itacoatiara,2
itagi,66
itagiba,24
itagibá,6
itagimirim,19
itaguacu,218
itaguacu da bahia,6
itaguai,1996
itaguaje,30
itaguajé,8
itaguara,106
itaguari,9
itaguaru,20
itaguaçu,35
itaguaçu da bahia,1
itaguaí,371
itai,1280
itaicaba,9
itaiopolis,384
itaipava,124
itaipulandia,330
itaipulândia,72
itaitinga,93
itaituba,327
itaiópolis,48
itaja,18
itajai,13529
itajaí,2510
itajobi,1260
itaju,93
itaju do colonia,6
itaju do colônia,1
itajuba,14114
itajubá,2562
itajuipe,102
itajuípe,24
itajá,3
italva,1128
itamaraca,16
itamaraju,1980
itamarandiba,960
itamari,30
itambacuri,534
itambaraca,36
itambaracá,2
itambe,142
itambé,39
itamira,15
itamogi,38
itamonte,970
itanhaem,49506
itanhandu,1989
itanhanga,11
itanhangá,5
itanhaém,8806
itanhem,26
itanhomi,220
itanhém,6
itaobim,594
itaoca,19
itaocara,2722
itapaci,192
itapage,49
itapagipe,420
itapaje,231
itapajé,91
itaparica,33
itape,5
itapecerica,1378
itapecerica da serra,7574
itapecuru mirim,144
itapecuru-mirim,8
itapejara d  oeste,36
itapejara d'oeste,282
itapema,20768
itapemirim,372
itaperucu,124
itaperuna,26775
itaperuçu,36
itapetim,50
itapetinga,3006
itapetininga,7987
itapeva,3929
itapevi,20142
itapicuru,18
itapipoca,1050
itapira,4959
itapiranga,924
itapirapua,40
itapirapua paulista,32
itapirapuã,10
itapirapuã paulista,2
itapissuma,51
itapitanga,60
itapiuna,18
itapiúna,4
itapoa,882
itapolis,5180
itapora,75
itaporanga,1224
itaporanga d'ajuda,7
itaporã,18
itapoá,153
itapui,511
itapura,240
itapuranga,444
itapuí,49
itapé,2
itaquaquecetuba,14735
itaqui,1314
itaquirai,80
itaquiraí,12
itaquitinga,18
itarana,108
itarantim,96
itarare,6160
itararé,812
itarema,39
itariri,234
itatiaia,2808
itatiaiucu,80
itatiaiuçu,6
itatiba,5808
itatiba do sul,15
itatim,81
itatinga,432
itau,16
itau de minas,300
itauba,95
itaueira,26
itauna,17411
itaí,220
itaóca,3
itaú,2
itaú de minas,105
itaúba,5
itaúna,3511
itinga,66
itiquira,10
itirapina,160
itirucu,75
itiruçu,15
itiuba,148
itiúba,52
itobi,329
itororo,92
itororó,14
itu,16553
ituacu,54
ituaçu,9
itubera,111
ituberá,39
itueta,57
ituiutaba,8940
itumbiara,1127
itupeva,7392
itupiranga,24
ituporanga,1770
iturama,2772
itutinga,13
ituverava,8876
itá,3
itápolis,672
iuna,142
ivai,32
ivaipora,714
ivaiporã,175
ivate,57
ivaté,9
ivaí,12
ivinhema,303
ivora,2
ivoti,1937
içara,483
iúna,34
jaboatao dos guararapes,6090
jaboatão dos guararapes,1063
jaboatão dos gurarapes,6
jabora,24
jaborandi,75
jaborá,4
jaboti,46
jaboticabal,4431
jaboticatubas,37
jacaraci,84
jacare,280
jacare (cabreuva),8
jacareacanga,12
jacarei,13582
jacarezinho,3648
jacareí,2684
jacaré,32
jacaré (cabreúva),8
jaci,64
jaciara,300
jacigua,8
jacinto,64
jacinto machado,236
jacobina,5474
jacui,76
jacuizinho,3
jacunda,342
jacundá,48
jacupiranga,575
jacutinga,2439
jacuí,16
jaguaquara,146
jaguaracu,4
jaguarao,1032
jaguarari,16
jaguare,975
jaguari,186
jaguariaiva,2363
jaguariaíva,374
jaguaribara,3
jaguaribe,180
jaguariuna,27285
jaguariúna,1688
jaguaruana,172
jaguaruna,140
jaguarão,280
jaguaré,182
jaiba,522
jales,2908
jamaica,3
jamapara,15
jamapará,3
jambeiro,72
jampruca,12
janauba,2862
janaúba,218
jandaia,13
jandaia do sul,608
jandaira,14
jandaíra,4
jandira,7576
janduis,14
janduís,4
janiopolis,48
janiópolis,6
jansen,10
januaria,4796
januária,792
japaraiba,5
japaratuba,9
japaraíba,1
japeri,745
japi,4
japira,63
japoata,7
japoatã,3
japuiba,115
japura,115
japurá,20
japuíba,5
jaqueira,36
jaquirana,16
jaragua,546
jaragua do sul,5423
jaraguari,10
jaraguá,119
jaraguá do sul,1168
jardim,274
jardim abc de goias,1
jardim alegre,98
jardim de piranhas,19
jardim do serido,75
jardim do seridó,9
jardim olinda,4
jardinopolis,2249
jardinópolis,520
jari,32
jarinu,1206
jaru,450
jatai,3550
jatauba,12
jataí,776
jatoba,89
jatobá,8
jau,5004
jaupaci,6
jauru,215
jaíba,84
jaú,1029
jeceaba,222
jenipapo de minas,29
jequeri,33
jequia da praia,5
jequie,2056
jequirica,9
jequiriçá,1
jequitai,32
jequitaí,4
jequitiba,20
jequitibá,2
jequitinhonha,1034
jequié,418
jeremoabo,438
jerico,7
jericó,3
jeriquara,11
jeronimo monteiro,80
jerônimo monteiro,24
jesuania,110
jesuitas,108
jesupolis,6
jesuânia,10
jesuítas,32
jesúpolis,4
ji-parana,638
ji-paraná,319
jijoca de jericoacoara,412
jiquirica,3
jiquiriçá,8
joacaba,5928
joaima,38
joanopolis,384
joanópolis,78
joao alfredo,45
joao camara,64
joao dourado,19
joao lisboa,85
joao monlevade,14388
joao neiva,656
joao pessoa,14734
joao pinheiro,2416
joao ramalho,66
joaquim nabuco,48
joaquim pires,8
joaquim tavora,219
joaquim távora,30
joaçaba,1066
joaíma,10
joinville,26523
jordanesia,8
jordania,185
jordanésia,5
jordânia,25
jose boiteux,20
jose bonifacio,1992
jose da penha,4
jose de freitas,60
joselandia,5
joselândia,1
josé boiteux,1
josé bonifácio,420
josé da penha,2
josé de freitas,18
joviania,180
joviânia,45
joão alfredo,6
joão câmara,12
joão dourado,7
joão monlevade,2030
joão neiva,96
joão pessoa,1852
joão pinheiro,512
joão ramalho,15
juara,685
juatuba,448
juazeiro,2851
juazeiro do norte,1060
jucas,6
jucurucu,26
jucurutu,104
jucuruçu,2
jucás,4
juina,2244
juiz de fora,73282
julio de castilhos,750
julio mesquita,34
jumirim,57
junco do serido,12
junco do seridó,6
jundiai,91601
jundiai do sul,36
jundiaí,15844
jundiaí do sul,9
junqueiro,4
junqueiropolis,1665
junqueirópolis,240
jupi,32
juquia,792
juquitiba,4095
juquiá,81
juranda,68
jurema,2
juripiranga,6
juru,15
juruaia,276
juruena,84
juruti,35
juscimeira,38
jussara,237
jussari,14
jussiape,7
juti,68
jutí,16
juvenilia,28
juvenília,2
juína,408
juíz de fora,13
júlio de castilhos,210
júlio mesquita,8
kalore,32
kaloré,6
ladainha,64
ladario,240
ladário,76
lagarto,1232
lages,5801
lago da pedra,210
lago norte,77
lago sul,109
lago verde,8
lagoa,5
lagoa d'anta,3
lagoa da canoa,5
lagoa da confusao,160
lagoa da confusão,20
lagoa da prata,2470
lagoa de sao francisco,2
lagoa de velhos,2
lagoa do carro,32
lagoa do mato,2
lagoa do ouro,12
lagoa do piaui,1
lagoa dos gatos,51
lagoa dos patos,8
lagoa dos tres cantos,4
lagoa dos três cantos,2
lagoa dourada,245
lagoa formosa,560
lagoa grande,328
lagoa nova,32
lagoa real,8
lagoa salgada,1
lagoa santa,30392
lagoa vermelha,2856
lagoao,10
lagoinha,60
lagoinha do piaui,1
lagoinha do piauí,1
lagoão,2
laguna,2870
laje do muriae,14
laje do muriaé,4
lajeado,11015
lajeado grande,3
lajedo,390
lajinha,255
lamarao,1
lambari,880
lamim,7
lapa,2030
laranja da terra,24
laranjal,41
laranjal do jari,110
laranjal paulista,3791
laranjeiras do sul,2324
laurentino,225
lauro de freitas,10437
lauro muller,464
lauro müller,80
lavinia,112
lavras,55600
lavras da mangabeira,38
lavras do sul,84
lavras mg,80
lavrinhas,16
lavínia,40
leandro ferreira,28
leme,5110
lencois,27
lencois paulista,3126
lençóis,5
lençóis paulista,676
leoberto leal,13
leopoldina,5202
leopoldo de bulhoes,12
leopoldo de bulhões,3
leopolis,7
leópolis,1
liberato salzano,17
liberdade,78
lima duarte,528
limeira,28297
limeira d oeste,4
limeira do oeste,78
limeira do oeste mg,2
limoeiro,651
limoeiro do norte,1419
lindoeste,26
lindoia,468
lindoia do sul,13
lindolfo collor,15
lindóia,81
lindóia do sul,2
linhares,7273
linharesl,12
lins,11742
livramento de nossa senhora,465
loanda,1547
lobato,102
londrina,41243
lontras,132
lorena,7264
loreto,17
lourdes,26
louveira,6996
lucas do rio verde,7107
lucelia,1356
lucena,9
lucianopolis,28
lucianópolis,4
lucélia,240
luis antonio,602
luis correia,19
luis eduardo magalhaes,12060
luisburgo,22
luiz alves,96
luiziana,36
luiziania,87
luiziânia,12
luizlandia do oeste,22
luizlândia do oeste,8
luminarias,66
luminárias,12
lunardelli,30
lupercio,51
lupionopolis,42
lupionópolis,8
lupércio,3
lutecia,16
lutécia,2
luz,224
luziania,575
luzilandia,102
luzilândia,15
luziânia,110
luís antônio,63
luís correia,5
luís eduardo magalhães,2304
macae,22582
macaiba,170
macambara,18
macambira,6
macapa,3621
macaparana,36
macapá,810
macatuba,1428
macau,290
macaubal,55
macaubas,504
macaé,3505
macaíba,50
macaúbas,96
macedonia,72
macedônia,12
maceia³,9
maceio,25791
maceió,4160
machacalis,98
machadinho,8
machadinho d oeste,6
machadinho d'oeste,120
machadinho doeste,3
machado,5124
machados,17
macieira,3
macuco,37
macuco de minas,6
madalena,9
madre de deus,392
madre de deus de minas,105
mae d'agua,4
mae do rio,62
mafra,6625
magalhaes de almeida,8
magalhães de almeida,4
magda,62
mage,6682
magé,915
maiquinique,16
mairi,56
mairinque,6624
mairipora,38175
mairiporã,5850
major vieira,60
malacacheta,567
malhador,12
mallet,372
mamanguape,288
mambai,98
mambaí,16
mambore,488
mamborê,120
mamonas,10
manaira,14
manaus,5216
manaíra,4
mandaguacu,328
mandaguari,3366
mandaguaçu,80
mandirituba,40
manduri,171
manfrinopolis,4
manga,162
mangaratiba,2008
mangueirinha,576
manhuacu,31616
manhuaçu,5248
manhumirim,1968
manoel ribas,232
manoel urbano,7
manoel viana,78
mansidao,6
mansidão,1
mantena,1364
mantenopolis,144
mantenópolis,16
maquine,6
maquiné,2
mar de espanha,756
mar vermelho,2
mara rosa,66
maraba,732
marabá,129
maracacume,104
maracai,680
maracaja,12
maracaju,1820
maracajá,4
maracana,10
maracanau,530
maracanaú,69
maracas,270
maracaçumé,12
maracaí,104
maracás,75
maragogi,185
maragogipe,68
maranguape,31
maranhaozinho,10
maranhãozinho,4
marataizes,3504
marataízes,704
marau,4972
maravilha,1458
maravilhas,128
marcelino vieira,6
marco,78
marcos parente,5
marechal candido rondon,8220
marechal cândido rondon,1410
marechal deodoro,35
marechal floriano,315
maresias,60
mari,42
maria da fe,135
maria da fé,15
marialva,2192
mariana,16566
mariano moro,7
mariapolis,36
maribondo,12
marica,4550
maricá,536
mariental,1
marilac,19
marilandia,392
marilandia do sul,22
marilena,18
marilia,16686
mariluz,62
marilândia,88
marilândia do sul,7
maringa,36158
maringá,5364
marinopolis,16
marinópolis,6
mario campos,126
mariopolis,22
maripa,81
maripá,24
maristela,24
marituba,1148
mariápolis,6
mariópolis,6
marmeleiro,476
marques de souza,10
martinesia,1
martinho campos,98
martinho prado junior,1
martinopolis,1128
martins,34
martins soares,180
martinópolis,128
marília,2820
mascote,30
massape,50
massapê,8
massaranduba,162
mata,8
mata de sao joao,858
mata de são joão,121
mata grande,56
mata roma,26
mata verde,264
matao,6141
matelandia,122
matelândia,28
materlandia,24
materlândia,4
mateus leme,971
matias barbosa,910
matias olimpio,4
matias olímpio,2
matinhos,6345
matipo,212
matipó,44
mato leitao,10
mato leitão,4
mato rico,8
mato verde,132
matoes,21
matoes do norte,6
matozinhos,2196
matrincha,38
matrinchã,2
matriz de camaragibe,22
matupa,364
matupá,49
matutina,66
matão,1194
matões,2
maua,61424
maua da serra,60
maurilandia,128
maurilândia,8
mauriti,22
mauá,11061
mauá da serra,8
maximiliano de almeida,69
maçambará,6
medeiros,42
medeiros neto,427
medianeira,5817
medicilandia,26
medicilândia,5
medina,576
meleiro,78
mendes,1596
mendes pimentel,150
mendonca,97
mendonça,24
mercedes,48
merces,116
mercês,12
meridiano,20
meruoca,14
mesquita,4561
messias targino,5
miguel calmon,190
miguel pereira,7044
miguelopolis,1358
miguelópolis,322
milagres,86
milha,22
milhã,2
mimoso de goias,4
mimoso de goiás,2
mimoso do sul,729
minacu,1034
minas do leao,22
minas do leão,3
minas novas,276
minaçu,143
minduri,19
mineiros,4184
mineiros do tiete,156
mineiros do tietê,30
ministro andreazza,3
mira estrela,10
miracatu,515
miracema,3349
miradouro,40
miraguai,21
miraguaí,2
mirai,440
miraima,14
miranda,228
miranda do norte,26
mirandiba,36
mirandopolis,2054
mirandópolis,195
miranorte,44
mirante da serra,21
mirante do paranapanema,261
mirassol,10875
mirassol d oeste,70
mirassol d'oeste,1358
mirassol doeste,56
miravania,4
miraí,64
mirinzal,57
missal,441
missao velha,12
missão velha,1
mocajuba,23
mococa,1749
moeda,25
moema,41
mogi das cruzes,58042
mogi guacu,3323
mogi guaçu,2269
mogi mirim,9374
mogi-guacu,6181
mogi-mirim,1276
mogidascruzes,36
moju,180
mojui dos campos,14
mojuí dos campos,12
mombaca,26
mombaça,8
mombuca,51
moncao,15
moncoes,42
mondai,72
mondaí,2
mongagua,14637
mongaguá,3321
monsenhor paulo,25
monsenhor tabosa,63
montadas,7
montalvania,132
montalvânia,15
montanha,680
montanhas,7
montauri,14
monte alegre,57
monte alegre de minas,252
monte alegre de sergipe,12
monte alegre do sul,1398
monte alto,10592
monte alverne,1
monte aprazivel,1050
monte aprazível,190
monte azul,265
monte azul paulista,3078
monte belo,225
monte belo do sul,8
monte bonito,1
monte carlo,117
monte carmelo,6877
monte castelo,31
monte formoso,30
monte gordo,11
monte gordo (camacari) - distrito,1
monte mor,8056
monte santo,38
monte santo de minas,666
monte siao,2720
monte sião,380
monte verde,108
monteiropolis,3
montenegro,9952
montes claros,104858
montezuma,42
montividiu do norte,5
monção,2
monções,6
morada nova,567
morada nova de minas,204
moreilandia,24
moreilândia,4
moreira sales,96
moreno,335
morpara,18
morpará,2
morretes,177
morrinhos,2424
morro agudo,1602
morro agudo de goias,10
morro agudo de goiás,1
morro da fumaca,273
morro da fumaça,77
morro da garca,6
morro de sao paulo,2
morro de são paulo,1
morro do chapeu,350
morro do chapéu,49
morro do ferro,7
morro do pilar,6
morro grande,8
morro redondo,8
morro reuter,69
morro vermelho,3
morungaba,252
mossamedes,7
mossoro,729
mossoró,123
mossâmedes,2
mostardas,649
motuca,44
mozarlandia,266
mozarlândia,56
mucambo,13
mucuge,27
mucugê,9
mucuri,496
mucurici,17
mujui dos campos,2
mundo novo,183
munhoz,88
munhoz de melo,80
muniz freire,92
muquem de sao francisco,2
muquem do sao francisco,14
muqui,248
muquém de são francisco,2
muriae,6466
muriaé,1271
murici,14
muritiba,39
murucupi,10
murutinga do sul,38
mutuipe,152
mutum,1072
mutum parana,4
mutunopolis,9
mutunópolis,2
mutuípe,44
muzambinho,927
mágda,8
mário campos,39
mãe d'água,2
mãe do rio,14
nacip raydan,17
nantes,18
nanuque,6852
nao-me-toque,714
naque-nanuque,2
narandiba,46
natal,10038
natercia,14
natividade,1436
natividade da serra,29
natércia,1
navegantes,4342
navirai,1088
naviraí,352
nazare,192
nazare da mata,30
nazare paulista,448
nazareno,72
nazario,32
nazaré,39
nazaré da mata,11
nazaré paulista,98
nazário,6
neopolis,17
nepomuceno,864
neropolis,266
nerópolis,98
neves paulista,177
neópolis,3
nhandeara,455
nilopolis,12621
nilópolis,1436
nipoa,60
nipoã,8
niquelandia,1365
niquelândia,325
niteroi,380246
niterói,57711
nobres,30
nonoai,60
nortelandia,17
nortelândia,2
nossa senhora da gloria,74
nossa senhora da glória,10
nossa senhora das dores,20
nossa senhora das gracas,32
nossa senhora das graças,4
nossa senhora de caravaggio,16
nossa senhora de lourdes,7
nossa senhora do o,16
nossa senhora do socorro,2464
nossa senhora do ó,3
nova alvorada,57
nova alvorada do sul,201
nova america,3
nova america da colina,11
nova américa,2
nova américa da colina,1
nova andradina,1980
nova araca,22
nova araçá,3
nova aurora,214
nova bandeirantes,92
nova bassano,240
nova boa vista,10
nova brasilandia d oeste,4
nova brasilandia d'oeste,58
nova brasilandia doeste,2
nova brasilândia d'oeste,10
nova campina,34
nova canaa,40
nova canaa do norte,114
nova canaa paulista,18
nova canaã,8
nova canaã do norte,33
nova canaã paulista,8
nova cantu,56
nova crixas,28
nova crixás,10
nova cruz,99
nova era,1890
nova erechim,39
nova esperanca,784
nova esperanca do piria,19
nova esperanca do sudoeste,15
nova esperanca do sul,50
nova esperança,144
nova esperança do piriá,3
nova esperança do sudoeste,3
nova esperança do sul,8
nova europa,504
nova fatima,143
nova floresta,11
nova friburgo,16115
nova fátima,16
nova granada,3173
nova guarita,23
nova guataporanga,11
nova hartz,174
nova iguacu,38495
nova iguaçu,5680
nova independencia,11
nova independência,5
nova ipixuna,13
nova itaberaba,16
nova lacerda,11
nova laranjeiras,26
nova lima,12879
nova londrina,765
nova luzitania,18
nova mamore,16
nova mamoré,16
nova monte verde,90
nova mutum,935
nova odessa,2022
nova olimpia,72
nova olinda,54
nova olinda do maranhao,48
nova olinda do maranhão,4
nova olímpia,18
nova padua,1
nova palma,38
nova petropolis,760
nova petrópolis,200
nova ponte,153
nova prata,3040
nova prata do iguacu,264
nova prata do iguaçu,48
nova pádua,3
nova redencao,18
nova redencao bahia,1
nova redenção,5
nova resende,54
nova roma,10
nova roma do sul,17
nova russas,245
nova santa barbara,20
nova santa bárbara,4
nova santa rita,415
nova santa rosa,276
nova serrana,21364
nova soure,105
nova timboteua,6
nova trento,282
nova ubirata,7
nova ubiratã,4
nova venecia,3078
nova veneza,110
nova venécia,741
nova vicosa,31
nova viçosa,15
nova xavantina,1190
novais,18
novo alegre,8
novo barreiro,32
novo brasil,7
novo cabrais,8
novo cruzeiro,702
novo gama,335
novo hamburgo,8289
novo horizonte,3859
novo itacolomi,7
novo jardim,6
novo lino,14
novo machado,14
novo mundo,15
novo oriente,72
novo oriente do piaui,12
novo oriente do piauí,2
novo planalto,8
novo progresso,325
novo repartimento,80
novo sao joaquim,54
novo são joaquim,3
nucleo bandeirante,29
nuporanga,144
não-me-toque,119
núcleo bandeirante,6
ocara,10
ocaucu,95
ocauçu,20
oeiras,456
oeiras do para,30
oeiras do pará,8
oiapoque,27
olaria,2
oleo,16
olho d agua das cunhas,4
olho d agua das flores,12
olho d'agua das cunhas,20
olho d'agua das flores,45
olho d'água das cunhãs,12
olho d'água das flores,21
olho dágua das cunhãs,2
olhos d'agua,7
olhos d'água,6
olhos-d agua,4
olimpia,9972
olinda,2956
olindina,44
oliveira,4093
oliveira dos brejinhos,72
olímpia,2664
onda verde,16
oriente,69
orindiuva,185
orindiúva,75
oriximina,2
orizania,13
orizona,174
orizânia,1
orlandia,7336
orleans,648
orlândia,1288
orobo,15
orobó,1
oroco,69
orocó,12
oros,36
ortigueira,408
orós,8
osasco,82385
oscar bressane,54
osorio,9240
osvaldo cruz,4048
osvaldo kroeff,1
osório,1645
otacilio costa,410
otacílio costa,60
ourem,9
ouricuri,624
ourilandia do norte,305
ourilândia do norte,45
ourinhos,5965
ourizona,20
ouro,26
ouro branco,16072
ouro fino,2992
ouro preto,29384
ouro preto do oeste,400
ouro verde,87
ouro verde de goias,5
ouro verde de minas,24
ouro verde do oeste,31
ouroeste,847
ourém,2
ouvidor,11
pacaembu,462
pacaja,348
pacajus,270
pacajá,90
pacatuba,61
paco do lumiar,364
pacoti,18
pacotuba,2
pacuja,4
pacujá,1
padre bernardo,208
padre carvalho,12
padre fialho,12
padre gonzales,4
padre paraiso,65
padre paraíso,11
paial,3
paicandu,838
paineiras,31
pains,141
paiva,14
paiçandu,180
palestina,660
palhano,9
palhoca,8564
palhoça,2033
palma,140
palma sola,132
palmares,712
palmares do sul,165
palmares paulista,58
palmas,13024
palmeira,1383
palmeira d oeste,60
palmeira d'oeste,216
palmeira das missoes,2304
palmeira das missões,400
palmeira doeste,12
palmeira dos indios,119
palmeira dos índios,23
palmeiras,32
palmeiras de goias,141
palmeiras de goiás,30
palminopolis,9
palminópolis,3
palmital,3966
palmitinho,150
palmitos,355
palmopolis,27
palmópolis,2
palotina,1950
panambi,4573
pancas,36
panelas,54
panorama,330
pantano grande,93
papagaios,220
papanduva,632
papucaia,660
para de minas,7443
paracambi,12460
paracatu,40548
paracuru,68
paragominas,818
paraguacu,1536
paraguacu paulista,4780
paraguaçu,240
paraguaçu paulista,1080
parai,93
paraiba do sul,3332
paraibano,69
paraibuna,550
paraipaba,165
paraiso,169
paraiso das aguas,16
paraiso do norte,198
paraiso do sul,18
paraiso do tocantins,1180
paraisopolis,1876
paraisópolis,322
paraju,1
parambu,84
paramirim,215
parana,26
paranacity,96
paranagua,5896
paranaguá,1095
paranaiba,1442
paranaiguara,96
paranaita,116
paranapanema,994
paranapoema,3
paranapua,32
paranapuã,4
paranatinga,134
paranavai,1258
paranavaí,280
paranaíba,350
paranaíta,16
paranhos,22
paranoa,7
paranã,2
paraopeba,981
parapua,584
parapuã,96
parati,5856
paraty,2720
parauapebas,9724
parauna,128
paraí,9
paraíba do sul,558
paraíso,39
paraíso das águas,6
paraíso do norte,24
paraíso do sul,4
paraíso do tocantins,170
paraúna,20
pardinho,41
pareci novo,10
parelhas,168
paripiranga,74
paripueira,9
pariquera-acu,1740
pariquera-açu,480
parisi,8
parnaiba,581
parnamirim,3643
parnarama,10
parnaíba,165
parobe,1632
parobé,372
pará de minas,1296
passa quatro,837
passa tempo,33
passa tres,14
passa três,2
passagem franca,18
passira,11
passo de camaragibe,12
passo de torres,280
passo fundo,24004
passos,8206
passos maia,48
pastos bons,22
patis,5
pato bragado,50
pato branco,8114
patos,533
patos de minas,21905
patrocinio,3878
patrocinio do muriae,58
patrocinio paulista,68
patrocínio,635
patrocínio do muriaé,14
patrocínio paulista,16
patu,60
paty do alferes,1693
pau brasil,32
pau d  arco,1
pau d'arco,4
pau dos ferros,603
paudalho,72
paula candido,22
paula freitas,13
pauliceia,88
paulicéia,10
paulinia,22978
paulista,1467
paulistana,99
paulistania,6
paulistânia,1
paulo afonso,2138
paulo de faria,280
paulo frontin,225
paulo jacinto,14
paulo lopes,44
paulínia,4392
pavao,22
pavão,3
paço do lumiar,70
peabiru,296
pecanha,196
pederneiras,4998
pedra,48
pedra azul,485
pedra bela,58
pedra branca,78
pedra do indaia,8
pedra do indaiá,2
pedra lavrada,6
pedra menina,1
pedra preta,156
pedralva,147
pedranopolis,9
pedrao,1
pedras altas,9
pedras de fogo,40
pedregulho,134
pedreira,14688
pedreiras,240
pedrinhas paulista,120
pedrinopolis,45
pedrinópolis,6
pedro afonso,60
pedro canario,345
pedro canário,75
pedro de toledo,328
pedro gomes,41
pedro ii,24
pedro leopoldo,15040
pedro osorio,96
pedro osório,18
pedro velho,6
peixe,11
peixoto de azevedo,324
pejucara,68
pejuçara,20
pelotas,30010
penaforte,14
penapolis,4178
pendencias,28
pendências,4
penedo,740
penedo (itatiaia),1
penha,2610
pentecoste,36
penápolis,657
pequi,13
pequizeiro,9
perdigao,180
perdigão,54
perdizes,552
perdoes,801
perdões,189
pereira barreto,3474
pereiras,38
pereiro,60
peri mirim,5
periquito,40
peritiba,26
perobal,19
perola,48
perola d'oeste,32
perola doeste,4
perpetuo socorro,42
perpétuo socorro,4
peruibe,18447
peruíbe,3053
pescador,20
pesqueira,801
petrolandia,629
petrolina,2482
petrolândia,168
petropolis,20704
petrópolis,3961
peçanha,28
piacabucu,26
piacatu,43
pianco,15
piancó,1
piata,64
piatã,4
piau,16
piaçabuçu,6
picada cafe,17
picada café,1
picarra,9
picarras,81
picos,938
picui,44
picuí,12
piedade,4048
piedade de caratinga,217
piedade do rio grande,45
piedade dos gerais,63
pien,92
pilao arcado,88
pilar,104
pilar do sul,1968
pilão arcado,20
pimenta,88
pimenta bueno,742
pimenteiras,20
pindai,28
pindamonhangaba,6378
pindare mirim,57
pindaré mirim,6
pindaré-mirim,9
pindaí,2
pindoba,8
pindobacu,45
pindobaçu,9
pindorama,116
pindorama do tocantins,14
pindoretama,15
pingo-d agua,6
pingo-d'agua,6
pinhais,5180
pinhal da serra,1
pinhalao,217
pinhalzinho,1962
pinhalão,35
pinhao,541
pinheiral,1974
pinheiro,300
pinheiro machado,300
pinheiros,752
pinhão,73
pintadas,68
pio ix,26
pio xii,15
piquerobi,20
piquete,630
piracaia,4473
piracanjuba,710
piracema,18
piracicaba,38389
piracuruca,96
pirai,1500
pirai do norte,7
pirai do sul,522
piraju,4879
pirajuba,27
pirajui,1608
pirajuí,408
pirambu,6
piranga,176
pirangi,560
piranguinho,414
piranhas,280
pirapetinga,679
pirapo,8
pirapora,14742
pirapora do bom jesus,1792
pirapozinho,2128
piraquara,471
pirassununga,6659
piratini,44
piratininga,584
piratuba,255
pirauba,126
piraí,225
piraí do norte,6
piraí do sul,90
piraúba,6
pirenopolis,236
pirenópolis,44
pires do rio,924
pires ferreira,7
piripa,40
piripiri,567
piripá,6
piritiba,155
pirpirituba,4
pitanga,447
pitangueiras,2481
pitangui,3718
pitimbu,4
pium,10
piuma,1751
piumhi,4247
piumhii,3317
piçarra,3
piên,28
piúma,255
placas,48
planaltina,100
planaltina de goias,5
planaltina do parana,23
planaltina do paraná,1
planaltino,11
planalto,298
planura,110
poa,4243
pocao,7
pocao de pedras,18
pocinhos,27
poco fundo,448
poco redondo,16
poco verde,88
pocoes,194
pocoes de paineiras,2
pocos de caldas,46122
pocrane,114
pojuca,897
poloni,132
pombal,300
pombos,27
pomerode,1764
pompeia,2482
pompeu,1276
pompéia,408
pompéu,209
pongai,84
pongaí,4
ponta grossa,11426
ponta pora,961
ponta porã,264
pontal,2256
pontal do parana,1024
pontal do paraná,240
pontalina,116
pontalinda,22
pontao,2
ponte alta do norte,9
ponte nova,18242
ponte serrada,138
pontes e lacerda,1674
pontes gestal,25
ponto belo,20
ponto do marambaia,2
ponto dos volantes,60
ponto novo,18
pontão,2
populina,23
porangaba,96
porangatu,1794
porciuncula,768
porciúncula,152
porecatu,738
portalegre,32
portao,930
porteiras,14
porteirinha,445
portela,8
portelandia,21
porto acre,3
porto aelgre,21
porto alegre,223464
porto alegre do norte,62
porto amazonas,58
porto belo,828
porto calvo,60
porto de pedras,9
porto esperidiao,50
porto esperidião,8
porto estrela,9
porto feliz,8085
porto ferreira,8840
porto firme,73
porto franco,98
porto grande,8
porto lucena,16
porto murtinho,32
porto nacional,1032
porto real,553
porto rico,12
porto seguro,15334
porto trombetas,16
porto uniao,2016
porto união,196
porto velho,12697
porto xavier,305
portão,240
posse,2295
posto da mata,152
pote,93
potengi,16
potim,114
potiragua,161
potiraguá,14
potirendaba,1040
potunduva,2
poté,15
pouso alegre,35972
pouso alto,63
pouso novo,8
pouso redondo,231
poxoreu,56
poxoréu,26
poá,692
poço fundo,168
poço redondo,1
poço verde,4
poços de caldas,8088
poção,4
poção de pedras,4
poções,40
prado,270
pradopolis,1110
prados,120
pradópolis,210
praia grande,79940
praia grande (fundão) - distrito,1
praia norte,6
pranchita,21
prata,1039
pratapolis,21
pratápolis,10
presidente alves,64
presidente bernardes,430
presidente castello branco,12
presidente dutra,836
presidente epitacio,5382
presidente epitácio,1012
presidente getulio,492
presidente getúlio,126
presidente janio quadros,10
presidente juscelino,1
presidente kennedy,54
presidente kubitschek,20
presidente lucena,13
presidente medici,62
presidente médici,8
presidente nereu,9
presidente olegario,390
presidente olegário,102
presidente prudente,12471
presidente tancredo neves,176
presidente venceslau,6578
primavera,540
primavera do leste,12488
primeiro de maio,455
princesa isabel,37
progresso,19
promissao,7440
promissão,1054
propria,126
propriá,15
protasio alves,8
prudencio thomaz,1
prudente de morais,62
prudentopolis,840
prudentópolis,112
prudêncio thomaz,2
pugmil,1
pureza,8
purilandia,4
putinga,34
puxinana,3
pântano grande,6
pérola,14
pérola d'oeste,20
quadra,18
quarai,296
quaraí,108
quata,1116
quatigua,245
quatiguá,50
quatis,140
quatituba,8
quatro barras,1782
quatro bocas,30
quatro pontes,22
quatá,264
quedas do iguacu,1144
quedas do iguaçu,96
queimadas,255
queimados,2911
queiroz,19
queixada,2
queluz,68
querencia,770
querencia do norte,32
querência,150
querência do norte,11
quevedos,18
quijingue,14
quilombo,148
quilometro 14 do mutum,2
quinta,2
quinta do sol,75
quintana,252
quipapa,6
quirinopolis,2562
quirinópolis,378
quissama,1221
quissamã,209
quitandinha,88
quixabeira,66
quixabá,1
quixada,221
quixadá,39
quixelo,10
quixelô,8
quixeramobim,396
quixere,42
rafard,210
rainha do mar,2
rancharia,4809
rancho alegre,9
rancho alegre d  oeste,1
rancho alegre d'oeste,12
rancho queimado,18
raposo,18
raposos,913
raul soares,1044
ravena,5
realeza,540
reboucas,294
rebouças,72
recanto das emas,14
rechan,14
recife,67569
recreio,135
redencao,520
redencao da serra,12
redencao do gurgueia,5
redentora,36
redenção,66
regeneracao,90
regeneração,18
regente feijo,1060
regente feijó,230
reginopolis,81
reginópolis,21
registro,22275
remanso,325
remigio,7
remígio,3
renascenca,152
renascença,8
reriutaba,63
resende,8395
resende costa,165
reserva,222
reserva do cabacal,26
reserva do iguacu,14
reserva do iguaçu,2
resplendor,940
ressaquinha,9
restinga seca,138
retirolandia,17
retirolândia,5
riachao das neves,18
riachao do jacuipe,270
riachinho,62
riacho da cruz,7
riacho das almas,24
riacho de santana,192
riacho de santo antonio,2
riacho dos machados,75
riacho fundo,23
riacho fundo 2,5
riachuelo,6
riachão das neves,4
riachão do jacuípe,40
rialma,66
rianapolis,29
rianápolis,1
ribas do rio pardo,32
ribeira,42
ribeira do amparo,7
ribeira do pombal,872
ribeirao,160
ribeirao bonito,273
ribeirao branco,70
ribeirao cascalheira,17
ribeirao claro,235
ribeirao das neves,3951
ribeirao do pinhal,270
ribeirao do sul,63
ribeirao pires,4295
ribeirao preto,75742
ribeirao vermelho,34
ribeiraozinho,26
ribeiro junqueira,1
ribeiropolis,17
ribeirão,40
ribeirão bonito,14
ribeirão branco,12
ribeirão cascalheira,8
ribeirão claro,35
ribeirão das neves,708
ribeirão do pinhal,45
ribeirão do sul,9
ribeirão pires,729
ribeirão preto,14605
ribeirão vermelho,8
ribeirãozinho,4
ribeirópolis,2
rifaina,48
rincao,35
rincão,3
rinopolis,112
rinópolis,28
rio acima,600
rio azul,215
rio bananal,256
rio bonito,8829
rio bonito do iguacu,60
rio bonito do iguaçu,12
rio bracnco,7
rio branco,7158
rio branco do sul,432
rio brilhante,1067
rio casca,370
rio claro,39473
rio das antas,36
rio das flores,228
rio das ostras,31174
rio das pedras,1480
rio de contas,63
rio de janeiro,1842901
"rio de janeiro, rio de janeiro, brasil",9
rio do antonio,34
rio do antônio,2
rio do campo,120
rio do oeste,84
rio do pires,112
rio do sul,3524
rio doce,14
rio dos cedros,21
rio dos indios,4
rio espera,13
rio formoso,38
rio fortuna,57
rio grande,19672
rio grande da serra,7525
rio grande do piaui,4
rio grande do piauí,3
rio janeiro,49
rio largo,384
rio manso,65
rio maria,138
rio negrinho,1495
rio negro,2535
rio novo,196
rio novo do sul,336
rio paranaiba,497
rio paranaíba,72
rio pardo,525
rio pardo de minas,325
rio piracicaba,248
rio pomba,690
rio preto,84
rio real,129
rio rufino,10
rio tinto,40
rio verde,4936
riolandia,129
riolândia,27
riqueza,48
ritapolis,33
ritápolis,6
riversul,26
rj,22
roca sales,78
rodeio,497
rodeio bonito,52
rodeiro,108
rodelas,45
rodolfo fernandes,14
rolandia,1290
rolante,729
rolim de moura,980
rolândia,251
romaria,20
romelandia,11
romelândia,1
roncador,74
ronda alta,234
rondon,82
rondon do para,675
rondon do pará,63
rondonopolis,4402
rondonópolis,998
roque gonzales,95
rosana,208
rosario,23
rosario do ivai,17
rosario do sul,1918
roseira,230
rosário,3
rosário do ivaí,2
rosário do sul,308
rubelita,19
rubiacea,26
rubiao junior,1
rubiataba,665
rubim,93
rubineia,13
rubinéia,2
rubiácea,10
russas,801
ruy barbosa,448
sabara,2080
sabará,387
sabaudia,17
sabino,135
sabinopolis,290
sabinópolis,35
saboeiro,9
sabáudia,3
sacra familia do tingua,5
sacra família do tinguá,1
sacramento,1508
sales,185
sales oliveira,396
salesopolis,780
salesópolis,80
salgado filho,57
salgueiro,2210
salinas,3762
salinas da margarida,16
salmourao,42
salmourão,6
saloa,36
salobro,2
saloá,9
saltinho,115
salto,11233
salto da divisa,88
salto de pirapora,2448
salto do ceu,32
salto do céu,10
salto do itarare,22
salto do itararé,8
salto do jacui,160
salto do jacuí,24
salto do lontra,272
salto grande,35
salto veloso,176
salvador,155574
salvador ,6
salvador do sul,52
samambaia,61
sampaio correia,1
sananduva,492
sanclerlandia,144
sanclerlândia,16
sandolandia,6
sandolândia,1
sanga puita,2
sangao,87
sangão,24
sanharo,36
sanharó,6
sant'ana do livramento,9
santa adelia,1275
santa adélia,271
santa albertina,273
santa amelia,11
santa amélia,1
santa barbara,5175
santa barbara d oeste,1396
santa barbara d'oeste,7563
santa barbara de goias,5
santa barbara do para,4
santa barbara do sul,86
santa barbara doeste,47
santa branca,675
santa brigida,19
santa brígida,5
santa bárbara,450
santa bárbara d'oeste,2084
santa bárbara d`oeste,20
santa bárbara do sul,14
santa bárbara doeste,189
santa cecilia,359
santa cecilia de umbuzeiro,137
santa cecilia do pavao,15
santa cecília,77
santa cecília do pavão,1
santa clara d oeste,3
santa clara d'oeste,11
santa clara do sul,50
santa cruz,248
santa cruz cabralia,325
santa cruz cabrália,90
santa cruz da conceicao,120
santa cruz da conceição,4
santa cruz das palmeiras,1548
santa cruz de goias,8
santa cruz de minas,220
santa cruz de monte castelo,132
santa cruz de salinas,28
santa cruz do capibaribe,328
santa cruz do piaui,10
santa cruz do prata,4
santa cruz do rio pardo,11628
santa cruz do sul,7440
santa cruz do timbo,3
santa ernestina,66
santa fe,275
santa fe de goias,76
santa fe de minas,18
santa fe do sul,10778
santa filomena,3
santa fé,60
santa fé de goiás,16
santa fé de minas,2
santa fé do sul,1700
santa gertrudes,1562
santa helena,1086
santa helena de goias,1098
santa helena de goiás,180
santa helena de minas,48
santa ines,442
santa inês,109
santa isabel,9996
santa isabel do ivai,102
santa isabel do ivaí,9
santa isabel do para,266
santa isabel do pará,35
santa isabel do rio preto,5
santa izabel do oeste,74
santa juliana,632
santa leopoldina,22
santa lucia,128
santa luzia,5073
santa luzia do norte,7
santa luzia do parua,16
santa luzia do paruá,3
santa lúcia,26
santa margarida,72
santa maria,36283
santa maria da boa vista,106
santa maria da serra,74
santa maria da vitoria,1209
santa maria da vitória,247
santa maria de itabira,188
santa maria de jetiba,1800
santa maria de jetibá,450
santa maria do herval,17
santa maria do para,38
santa maria do pará,8
santa maria do salto,20
santa maria do suacui,88
santa maria do suaçuí,16
santa maria madalena,546
santa mariana,196
santa mercedes,30
santa monica,14
santa mônica,8
santa quiteria,180
santa quiteria do maranhao,22
santa quitéria,25
santa quitéria do maranhão,2
santa rita,214
santa rita d oeste,6
santa rita d'oeste,24
santa rita da floresta,3
santa rita de caldas,222
santa rita de jacutinga,30
santa rita de minas,87
santa rita do araguaia,392
santa rita do ibitipoca,14
santa rita do itueto,26
santa rita do passa quatro,3096
santa rita do sapucai,10990
santa rita do sapucaí,1855
santa rita doeste,3
santa rosa,3411
santa rosa de lima,39
santa rosa de viterbo,2119
santa rosa do sul,29
santa salete,6
santa teresa,1021
santa teresinha,16
santa tereza do oeste,72
santa terezinha,47
santa terezinha de itaipu,273
santa vitoria,2329
santa vitoria do palmar,1980
santa vitória,357
santa vitória do palmar,408
santaluz,150
santana,376
santana da boa vista,36
santana da vargem,160
santana de parnaiba,23558
santana de parnaíba,5891
santana de pirapama,20
santana do acarau,76
santana do acaraú,12
santana do araguaia,100
santana do capivari,4
santana do cariri,33
santana do deserto,6
santana do ipanema,41
santana do itarare,12
santana do itararé,5
santana do jacare,72
santana do jacaré,12
santana do livramento,2021
santana do manhuacu,63
santana do manhuaçu,21
santana do mundau,27
santana do mundaú,6
santana do paraiso,1200
santana do paraíso,160
santana do serido,4
santana do seridó,4
santana do sobrado,4
santana dos montes,30
santanesia,24
santarem,3643
santarém,433
santiago,8008
santo aleixo,1
santo amaro,980
santo amaro da imperatriz,1265
santo amaro das brotas,9
santo amaro de campos,84
santo anastacio,2295
santo anastácio,425
santo andre,138611
santo andré,24204
santo angelo,5321
santo antonio,14
santo antonio da alegria,84
santo antonio da patrulha,2720
santo antonio da platina,1860
santo antonio das missoes,128
santo antonio das queimadas,4
santo antonio de jesus,1915
santo antonio de padua,7710
santo antonio de posse,2700
santo antonio do amparo,148
santo antonio do aracangua,23
santo antonio do aventureiro,13
santo antonio do caiua,8
santo antonio do canaa,3
santo antonio do descoberto,164
santo antonio do grama,48
santo antonio do itambe,42
santo antonio do jacinto,413
santo antonio do jardim,104
santo antonio do leste,8
santo antonio do leverger,12
santo antonio do monte,2128
santo antonio do palma,4
santo antonio do pinhal,94
santo antonio do planalto,9
santo antonio do rio abaixo,12
santo antonio do sudoeste,231
santo antonio do taua,8
santo antonio dos campos,14
santo antônio,7
santo antônio da alegria,12
santo antônio da patrulha,510
santo antônio da platina,444
santo antônio das missões,20
santo antônio das queimadas,2
santo antônio de jesus,414
santo antônio de posse,540
santo antônio de pádua,1080
santo antônio do amparo,48
santo antônio do aracanguá,6
santo antônio do aventureiro,5
santo antônio do caiuá,1
santo antônio do canaã,1
santo antônio do descoberto,48
santo antônio do grama,12
santo antônio do itambé,6
santo antônio do jacinto,77
santo antônio do jardim,20
santo antônio do leste,3
santo antônio do leverger,2
santo antônio do monte,224
santo antônio do palma,8
santo antônio do pinhal,18
santo antônio do planalto,4
santo antônio do rio abaixo,2
santo antônio do sudoeste,18
santo antônio do tauá,3
santo antônio dos campos,2
santo augusto,616
santo cristo,532
santo estevao,295
santo estevão,30
santo estêvão,5
santo expedito,9
santo expedito do sul,5
santo hipolito,3
santo hipólito,3
santo inacio,13
santo inácio,7
santo ângelo,769
santos,234733
santos dumont,6358
sao benedito,184
sao benedito do rio preto,10
sao benedito do sul,13
sao bentinho,4
sao bento,222
sao bento abade,12
sao bento do sapucai,532
sao bento do sul,2365
sao bento do una,196
sao bernardino,6
sao bernardo,51
sao bernardo do campo,137937
sao bonifacio,9
sao borja,5004
sao bras,1
sao bras do suacui,46
sao caetano do sul,50449
sao carlos,36638
sao carlos do ivai,33
sao cristovao,483
sao cristovao do sul,13
sao desiderio,19
sao domingos,109
sao domingos das dores,26
sao domingos do araguaia,21
sao domingos do maranhao,52
sao domingos do norte,161
sao domingos do prata,228
sao felipe,46
sao felix,9
sao felix de minas,9
sao felix do araguaia,44
sao felix do coribe,25
sao felix do xingu,680
sao fidelis,4209
sao francisco,1197
sao francisco da praia,14
sao francisco de assis,128
sao francisco de itabapoana,2220
sao francisco de paula,429
sao francisco do brejao,5
sao francisco do conde,144
sao francisco do gloria,19
sao francisco do guapore,56
sao francisco do sul,3504
sao gabriel,4784
sao gabriel da palha,1651
sao gabriel do oeste,1141
sao geraldo,132
sao geraldo da piedade,9
sao geraldo do baguari,3
sao goncalo,30555
sao goncalo do abaete,48
sao goncalo do amarante,225
sao goncalo do para,99
sao goncalo do rio abaixo,372
sao goncalo do rio das pedras,3
sao goncalo do rio preto,60
sao goncalo do sapucai,704
sao gotardo,5660
sao jeronimo,511
sao joao,680
sao joao batista,884
sao joao batista do gloria,66
sao joao d alianca,6
sao joao d'alianca,45
sao joao da barra,2295
sao joao da boa vista,9426
sao joao da mata,16
sao joao da parauna,4
sao joao da ponte,26
sao joao da serra negra,8
sao joao da urtiga,9
sao joao dalianca,3
sao joao das missoes,24
sao joao de iracema,48
sao joao de meriti,10484
sao joao de petropolis,1
sao joao de pirabas,12
sao joao del rei,7424
sao joao do ivai,60
sao joao do manhuacu,60
sao joao do manteninha,81
sao joao do oriente,62
sao joao do paraiso,180
sao joao do piaui,230
sao joao do sabugi,8
sao joao do sobrado,3
sao joao do sul,48
sao joao do triunfo,54
sao joao dos patos,259
sao joao evangelista,456
sao joao nepomuceno,2086
sao joaquim,900
sao joaquim da barra,9792
sao joaquim de bicas,720
sao joaquim do monte,19
sao jorge,13
sao jorge d'oeste,60
sao jorge do ivai,26
sao jorge do oeste,8
sao jorge do patrocinio,40
sao jorge doeste,4
sao jose,23111
sao jose da barra,156
sao jose da bela vista,60
sao jose da boa vista,12
sao jose da coroa grande,56
sao jose da laje,40
sao jose da lapa,712
sao jose da tapera,19
sao jose da vitoria,14
sao jose de mipibu,57
sao jose de ribamar,1235
sao jose de uba,72
sao jose do barreiro,54
sao jose do belmonte,66
sao jose do calcado,222
sao jose do campestre,8
sao jose do cedro,365
sao jose do cerrito,57
sao jose do divino,14
sao jose do egito,236
sao jose do goiabal,44
sao jose do hortencio,34
sao jose do inhacora,5
sao jose do norte,658
sao jose do ouro,245
sao jose do piaui,7
sao jose do ribeirao,1
sao jose do rio claro,90
sao jose do rio pardo,15532
sao jose do rio preto,35173
sao jose do serido,16
sao jose do turvo,30
sao jose do vale do rio preto,1812
sao jose do xingu,24
sao jose dos campos,93590
sao jose dos cordeiros,5
sao jose dos pinhais,10818
sao jose dos quatro marcos,122
sao leopoldo,7507
sao lourenco,9504
sao lourenco da mata,233
sao lourenco da serra,1092
sao lourenco do oeste,999
sao lourenco do piaui,2
sao lourenco do sul,1666
sao ludgero,165
sao luis,27998
sao luis de montes belos,735
sao luis do curu,14
sao luis do paraitinga,69
sao luis do quitunde,32
sao luiz do norte,20
sao luiz do paraitinga,39
sao luiz gonzaga,2490
sao mamede,3
sao manuel,4060
sao marcos,1116
sao martinho,42
sao mateus,2322
sao mateus de minas,1
sao mateus do maranhao,72
sao mateus do sul,2625
sao miguel,168
sao miguel arcanjo,1677
sao miguel das matas,12
sao miguel de touros,6
sao miguel do aleixo,1
sao miguel do anta,17
sao miguel do araguaia,310
sao miguel do gostoso,8
sao miguel do guama,160
sao miguel do guapore,84
sao miguel do iguacu,891
sao miguel do oeste,11973
sao miguel do tapuio,20
sao miguel dos campos,34
sao nicolau,9
sao patricio,7
sao paulo,1128338
sao paulo das missoes,46
sao paulo do potengi,32
sao pedro,1908
sao pedro da agua branca,16
sao pedro da aldeia,4806
sao pedro da uniao,51
sao pedro de alcantara,24
sao pedro do butia,10
sao pedro do iguacu,10
sao pedro do ivai,171
sao pedro do sul,36
sao pedro do turvo,58
sao pedro dos ferros,152
sao rafael,4
sao raimundo nonato,420
sao romao,135
sao roque,5609
sao roque de minas,120
sao roque do canaa,125
sao roque do cannaa,15
sao sebastiao,2440
sao sebastiao da amoreira,26
sao sebastiao da boa vista,24
sao sebastiao da grama,156
sao sebastiao de campos,3
sao sebastiao do alto,76
sao sebastiao do cai,1080
sao sebastiao do maranhao,54
sao sebastiao do paraiso,11900
sao sebastiao do passe,310
sao sebastiao do rio verde,13
sao sepe,444
sao simao,930
sao thome das letras,24
sao tiago,190
sao tomas de aquino,63
sao tome,30
sao valentim,42
sao vendelino,13
sao vicente,31236
sao vicente ferrer,27
sape,66
sapeacu,32
sapeaçu,6
sapezal,760
sapiranga,2277
sapopema,24
sapucai-mirim,108
sapucaia,149
sapucaia do sul,2304
sapucaí-mirim,24
sapé,22
saquarema,5065
sarandi,1523
sarapui,44
sarapuí,20
sardoa,10
sardoá,5
sarutaia,13
sarutaiá,4
sarzedo,2898
satiro dias,4
satuba,18
satubinha,8
saubara,17
saudade do iguacu,92
saudade do iguaçu,24
saudades,108
saude,12
sa£o paulo,5
saúde,4
sbcampo,19
schroeder,585
seabra,804
seara,485
sebastiao leal,2
seberi,90
sede alvorada,2
segredo,8
selbach,25
senador amaral,36
senador canedo,453
senador cortes,7
senador firmino,56
senador guiomard,30
senador jose bento,16
senador jose porfirio,17
senador josé bento,16
senador la rocque,12
senador la roque,2
senador modestino goncalves,28
senador modestino gonçalves,6
senador pompeu,120
senador salgado filho,7
senges,215
sengés,80
senhor do bonfim,3942
senhora de oliveira,42
senhora dos remedios,25
senhora dos remédios,4
sento se,32
sento sé,4
serafina correa,873
serafina corrêa,144
sericita,72
seringueiras,36
serio,4
seropedica,1643
seropédica,291
serra,28460
serra azul,35
serra azul de minas,28
serra bonita,2
serra branca,19
serra de sao bento,16
serra do ramalho,148
serra do salitre,56
serra dos aimores,170
serra dos aimorés,30
serra dos dourados,1
serra dourada,64
serra negra,2938
serra talhada,540
serrana,2405
serrania,60
serranopolis,60
serranopolis de minas,7
serranopolis do iguacu,30
serranópolis,18
serranópolis do iguaçu,4
serrinha,2030
serrita,10
serro,154
serrolandia,68
serrolândia,10
sertania,152
sertanopolis,268
sertanópolis,56
sertao,78
sertao santana,21
sertaozinho,5392
sertânia,32
sertão,21
sertão santana,3
sertãozinho,1088
sete barras,164
sete de setembro,1
sete lagoas,64273
setubinha,69
severiano melo,5
severinia,335
severínia,45
sideropolis,112
siderópolis,8
sidrolandia,935
sidrolândia,187
silva jardim,436
silvania,343
silvano,2
silvanopolis,7
silvanópolis,2
silveira carvalho,1
silveira martins,5
silveiras,63
silvianopolis,35
silvianópolis,3
silvânia,77
simao dias,259
simao pereira,6
simoes filho,4725
simolandia,58
simolândia,10
simonesia,344
simonésia,112
simplicio mendes,12
simplício mendes,4
simão dias,35
simões filho,861
sinimbu,30
sinop,5896
siqueira campos,891
sirinhaem,145
sirinhaém,20
sitio do quinto,48
sitio novo,13
sitio novo do tocantins,14
sobradinho,693
sobral,1093
sobralia,16
sobrália,4
socorro,4655
solanea,20
soledade,643
soledade de minas,105
solonopole,22
solonópole,4
solânea,7
sombrio,1390
sonora,126
sooretama,290
sorocaba,77611
sorriso,9500
sousa,84
sp,21
sucesso,9
sucupira do norte,16
sud mennucci,185
sulina,13
sumare,22136
sumaré,4008
sume,111
sumidouro,470
sumé,18
surubim,445
suzanapolis,13
suzano,24711
suzanápolis,3
sátiro dias,4
são benedito,20
são benedito do rio preto,3
são benedito do sul,3
são bentinho,1
são bento,30
são bento abade,2
são bento do sapucaí,84
são bento do sul,345
são bento do una,52
são bernardino,1
são bernardo,6
são bernardo do campo,25551
são borja,774
são brás,1
são brás do suaçuí,6
são caetano do sul,9537
são carlos,6122
são carlos do ivaí,11
são cristóvão,105
são cristóvão do sul,4
são desidério,4
são domingos,20
são domingos das dores,3
são domingos do araguaia,1
são domingos do maranhão,10
são domingos do norte,21
são domingos do prata,44
são felipe,16
são fidélis,1035
são francisco,156
são francisco da praia,3
são francisco de assis,26
são francisco de itabapoana,435
são francisco de paula,91
são francisco do brejão,1
são francisco do conde,27
são francisco do guaporé,10
são francisco do sul,656
são félix,6
são félix de minas,2
são félix do araguaia,14
são félix do coribe,6
são félix do xingu,80
são gabriel,782
são gabriel da palha,286
são gabriel do oeste,217
são geraldo,28
são geraldo da piedade,1
são gonçalo,4822
são gonçalo do abaeté,12
são gonçalo do amarante,42
são gonçalo do pará,42
são gonçalo do rio abaixo,54
são gonçalo do sapucaí,72
são gotardo,840
são jerônimo,70
são joaquim,81
são joaquim da barra,1938
são joaquim de bicas,128
são joaquim do monte,10
são jorge d'oeste,12
são jorge do ivaí,4
são jorge do patrocínio,4
são josé,4434
são josé da barra,36
são josé da bela vista,6
são josé da boa vista,6
são josé da coroa grande,4
são josé da laje,16
são josé da lapa,104
são josé da tapera,1
são josé da vitória,4
são josé de mipibu,12
são josé de ribamar,299
são josé de ubá,24
são josé do barreiro,12
são josé do belmonte,10
são josé do calçado,12
são josé do campestre,1
são josé do cedro,75
são josé do cerrito,12
são josé do divino,3
são josé do egito,40
são josé do goiabal,6
são josé do hortêncio,6
são josé do norte,175
são josé do ouro,20
são josé do rio claro,34
são josé do rio pardo,3344
são josé do rio preto,7419
são josé do turvo,3
são josé do vale do rio preto,228
são josé do xingu,1
são josé dos campos,16589
são josé dos pinhais,2076
são josé dos quatro marcos,34
são joão,169
são joão batista,233
são joão batista do glória,24
são joão d'aliança,30
são joão da barra,345
são joão da boa vista,2081
são joão da mata,6
são joão da ponte,7
são joão da urtiga,5
são joão das missões,2
são joão de iracema,15
são joão de meriti,2174
são joão de pirabas,2
são joão del rei,1324
são joão do ivaí,2
são joão do manhuaçu,16
são joão do manteninha,21
são joão do oriente,6
são joão do paraíso,35
são joão do piauí,50
são joão do sul,10
são joão do triunfo,14
são joão dos patos,56
são joão evangelista,60
são joão nepomuceno,266
são leopoldo,1342
são lourenço,2112
são lourenço da mata,23
são lourenço da serra,156
são lourenço do oeste,216
são lourenço do sul,434
são ludgero,30
são luiz do norte,3
são luiz do paraitinga,33
são luiz gonzaga,510
são luís,3147
são luís de montes belos,133
são luís do curu,4
são luís do quitunde,16
são mamede,6
são manuel,680
são marcos,135
são martinho,13
são mateus,544
são mateus do maranhão,12
são mateus do sul,405
são miguel,8
são miguel arcanjo,299
são miguel das matas,3
são miguel do anta,6
são miguel do araguaia,70
são miguel do gostoso,4
são miguel do guamá,35
são miguel do guaporé,24
são miguel do iguaçu,81
são miguel do oeste,2652
são miguel do tapuio,2
são miguel dos campos,5
são nicolau,2
são paulo,201531
são paulo das missões,4
são paulo do potengi,4
são pedro,516
são pedro da aldeia,530
são pedro da união,18
são pedro da água branca,3
são pedro de alcântara,6
são pedro do butiá,3
são pedro do iguaçu,2
são pedro do ivaí,15
são pedro do sul,11
são pedro do turvo,16
são pedro dos ferros,20
são rafael,3
são raimundo nonato,84
são romão,20
são roque,1028
são roque de minas,30
são roque do canaã,30
são sebastião,507
são sebastião da amoreira,5
são sebastião da boa vista,16
são sebastião da grama,40
são sebastião do alto,4
são sebastião do caí,204
são sebastião do maranhão,6
são sebastião do paraíso,1645
são sebastião do passe,45
são sebastião do passé,20
são sebastião do rio verde,2
são sepé,84
são simão,89
são thomé das letras,16
são tiago,50
são tomás de aquino,9
são tomé,5
são valentim,3
são vendelino,1
são vicente,4942
são vicente ferrer,3
sãopaulo,18
sério,1
sítio do quinto,6
tabapora,24
tabaporã,8
tabapua,864
tabapuã,108
tabatinga,340
tabira,280
taboao da serra,32599
tabocas do brejo velho,72
taboão da serra,5206
tabuleiro,24
tabuleiro do norte,51
tacaratu,14
taciba,62
tacuru,14
taguai,840
taguatinga,739
taguaí,150
taiacu,25
taiaçu,4
tailandia,196
tailândia,64
taio,1064
taiobeiras,1716
taiuva,170
taió,224
taiúva,35
taliandia,4
tamandare,15
tamandaré,4
tamarana,62
tambau,1729
tambaú,266
tamboara,19
tamboril,3
tamoios (cabo frio),1
tanabi,1276
tangara,46
tangara da serra,5635
tangará,10
tangará da serra,1495
tangua,300
tanguá,120
tanhacu,40
tanhaçu,12
tanque d'arca,10
tanque novo,72
taparuba,9
tapejara,1469
tapera,50
taperuaba,5
tapes,372
tapinas,6
tapirai,26
tapiramuta,48
tapiramutá,6
tapiratiba,1056
tapiraí,16
tapuirama,1
tapurah,61
taquara,2210
taquaracu de minas,16
taquarana,5
taquaraçu de minas,4
taquari,1397
taquaritinga,10861
taquaritinga do norte,252
taquarituba,2295
taquarivai,78
taquarivaí,9
taquarucu do sul,7
taquaruçu do sul,4
tarabai,170
taruma,711
tarumirim,232
tarumã,81
tatui,5715
tatuí,988
taua,410
taubate,27577
taubaté,4582
tauá,10
tavares,26
tecainda,2
teixeira,14
teixeira de freitas,1883
teixeira soares,22
teixeiras,216
tejupa,33
tejupá,6
telemaco borba,1333
telha,2
telêmaco borba,242
tenente ananias,14
tenente portela,204
teodoro sampaio,1996
teofilandia,90
teofilo otoni,12839
teofilândia,12
teolandia,28
teolândia,20
teotonio vilela,231
teotônio vilela,84
terenos,20
teresina,15056
teresina de goias,6
teresina de goiás,2
teresopolis,9296
teresópolis,1458
terezinha,6
termas de ibira,1
terra boa,228
terra de areia,200
terra nova,10
terra nova do norte,78
terra rica,647
terra roxa,278
teutonia,1876
teutônia,266
teófilo otoni,2071
tiangua,783
tianguá,117
tibagi,180
tibau do sul,23
tiete,9835
tietê,1960
tijucas,6600
timbauba,420
timbaúba,42
timbe do sul,54
timbo,5020
timburi,78
timbé do sul,6
timbó,880
timon,342
timoteo,8380
timóteo,1448
tiradentes,212
tiradentes do sul,19
tiros,135
tobias barreto,100
tocantinopolis,511
tocantins,408
tocantinópolis,49
tocos,4
tocos do moji,9
toledo,5423
tomar do geru,18
tomazina,117
tombos,180
tome-acu,23
tomé-açu,1
tomé-açú,2
toritama,220
toropi,21
torres,4709
torrinha,426
trabiju,7
tracuateua,4
tracunhaem,7
tracunhaém,2
traipu,6
trairi,34
trajano de moraes,336
trajano de morais,72
tramandai,6500
tramandaí,900
trancoso,192
travessao,8
travesseiro,3
tremembe,10222
tremembé,1786
tres arroios,30
tres barras,185
tres cachoeiras,539
tres coracoes,12723
tres coroas,558
tres de maio,1392
tres forquilhas,4
tres fronteiras,165
tres irmaos,1
tres lagoas,1314
tres marias,2184
tres passos,1232
tres pontas,4617
tres rios,1242
treviso,8
treze tilias,627
treze tílias,176
trindade,876
trindade do sul,96
triunfo,740
trombas,14
trombudo central,112
três arroios,3
três barras,25
três cachoeiras,84
três corações,1643
três coroas,174
três de maio,228
três fronteiras,45
três lagoas,241
três marias,468
três passos,275
três pontas,798
três rios,244
tubarao,6362
tubarão,983
tucano,465
tucuma,165
tucumã,39
tucunduva,102
tucurui,548
tucuruí,115
tuiuti,18
tumiritinga,19
tunapolis,12
tunas do parana,26
tunas do paraná,2
tunápolis,1
tupa,3570
tupaciguara,1222
tupancireta,316
tupanciretã,60
tupandi,93
tuparece,1
tuparendi,72
tuparetama,45
tupassi,26
tupi paulista,672
tupã,600
tupãssi,11
turmalina,865
tururu,7
turvania,14
turvelandia,10
turvelândia,2
turvo,276
turvolandia,28
turvolândia,8
tutoia,78
tutóia,12
uaua,51
uauá,12
uba,11639
ubai,10
ubaira,102
ubaitaba,160
ubajara,75
ubaporanga,129
ubata,46
ubatuba,63288
ubatã,10
ubaí,2
ubaíra,24
uberaba,13727
uberlandia,157745
uberlândia,30134
ubirajara,22
ubirata,637
ubiratã,161
ubá,1042
uchoa,165
uibai,88
uibaí,20
uirauna,13
uiraúna,4
ulianopolis,30
ulianópolis,2
umbauba,81
umbaúba,12
umburanas,9
umburatiba,16
umuarama,2866
una,156
unai,28728
unaí,4428
uniao,12
uniao da serra,4
uniao da vitoria,6193
uniao de minas,42
uniao do oeste,4
uniao do sul,17
uniao dos palmares,45
unistalda,4
união,2
união da serra,1
união da vitória,640
união de minas,3
união do oeste,2
união do sul,1
união dos palmares,15
upanema,21
urai,144
urandi,42
urania,180
uraí,24
urbano santos,110
uruacu,1938
uruana,75
uruana de minas,15
uruara,258
uruará,24
uruaçu,340
urubici,156
uruburetama,12
urucania,39
urucuca,66
urucui,108
urucuia,13
urucurituba,10
urucânia,5
uruguaiana,5858
uruoca,16
urupa,30
urupes,750
urupá,6
urupês,120
urussanga,760
urutai,51
urutaí,6
uruçuca,10
uruçuí,40
urânia,32
utinga,111
vacaria,6573
valao do barro,1
vale do sol,11
vale real,69
valenca,15020
valenca do piaui,168
valente,459
valentim gentil,201
valença,2423
valença do piauí,28
valinhos,16013
valparaiso,1072
valparaiso de goias,2237
valparaíso,168
valparaíso de goiás,638
vanini,15
vargeao,19
vargem,66
vargem alegre,31
vargem alta,270
vargem bonita,90
vargem grande,30
vargem grande do rio pardo,11
vargem grande do soturno,4
vargem grande do sul,2856
vargem grande paulista,18533
vargeão,2
varginha,5998
varjao de minas,34
varjota,144
varjão de minas,12
varre-sai,152
varzea,4
varzea alegre,84
varzea da palma,1386
varzea do poco,12
varzea grande,1279
varzea nova,17
varzea paulista,3425
varzedo,7
varzelandia,52
varzelândia,28
vassouras,10044
vazante,1002
venancio aires,5070
venda branca,2
venda nova do imigrante,2505
venda nova do imigrante-es,15
ventania,105
venturosa,44
venâncio aires,936
vera,126
vera cruz,1294
vera cruz do oeste,105
veranopolis,3096
veranópolis,612
vere,66
vereda,6
verissimo,18
vermelho,1
vermelho novo,18
vertentes,20
verê,9
veríssimo,6
vespasiano,20377
vespasiano correa,5
viamao,2822
viamão,570
viana,906
vianopolis,57
vianópolis,18
vicencia,30
vicente dutra,10
vicentina,25
vicentinopolis,54
vicentinópolis,14
vicosa,50482
vicosa do ceara,38
victor graeff,34
videira,18974
vieiras,11
vigia,60
vila bela da santissima trindade,19
vila bela da santssima trindade,1
vila bela da santíssima trindade,3
vila dos cabanos,8
vila flor,5
vila flores,18
vila langaro,30
vila lângaro,6
vila muriqui,280
vila nelita,4
vila nova,18
vila nova do sul,11
vila pereira,8
vila reis,3
vila rica,276
vila valerio,288
vila valério,80
vila velha,97027
vilhena,1447
vinhedo,8699
viradouro,2376
virgem da lapa,135
virginia,38
virginopolis,385
virginópolis,70
virgolandia,40
virgolândia,12
virgínia,3
visconde de maua,9
visconde do rio branco,3924
viseu,19
vista alegre,6
vista alegre do alto,150
vitoria,91999
vitoria da conquista,7256
vitoria das missoes,7
vitoria de santo antao,397
vitoria do jari,5
vitoria do mearim,26
vitorino,21
vitorino freire,111
vitorinos,1
vitorinos - alto rio doce,1
vitória,12429
vitória da conquista,1280
vitória das missões,1
vitória de santo antão,57
vitória do jari,1
vitória do mearim,8
viçosa,5029
viçosa do ceará,7
volta grande,140
volta redonda,19018
votorantim,8065
votuporanga,8298
várzea,1
várzea alegre,20
várzea da palma,220
várzea do poço,2
várzea grande,233
várzea nova,4
várzea paulista,538
wagner,11
wanderley,34
wenceslau braz,192
wenceslau guimaraes,10
wenceslau guimarães,4
werneck,20
witmarsum,51
xambioa,57
xambioá,15
xambre,28
xambrê,6
xangri-la,768
xangri-lá,168
xangrila,8
xanxere,7627
xanxerê,1392
xapuri,30
xavantina,18
xaxim,1360
xexeu,3
xexéu,1
xinguara,525
xique-xique,201
zacarias,28
ze doca,210
zortea,18
zortéa,6
zé doca,20
água boa,325
água branca,22
água clara,20
água comprida,4
água doce,3
água doce do norte,24
água fria de goiás,2
água preta,1
águas belas,60
águas da prata,70
águas de lindóia,748
águas de santa bárbara,30
águas de são pedro,14
águas formosas,80
águas frias,1
águas lindas de goiás,93
águas vermelhas,27
águia branca,4
álvares florence,6
álvares machado,208
álvaro de carvalho,4
áurea,4
ângulo,12
érico cardoso,1
óleo,4
